scenario_id,av_name,av_product,av_version,baseline_name,sessions,baseline_sessions,steady_state_samples,baseline_steady_state_samples,mean_wall_ms,median_wall_ms,first_run_wall_ms,baseline_first_run_wall_ms,mean_cpu_ms,kernel_cpu_pct,baseline_kernel_cpu_pct,kernel_cpu_slowdown_pct,peak_memory_mb,system_disk_read_mb,baseline_system_disk_read_mb,system_disk_write_mb,baseline_system_disk_write_mb,slowdown_pct,first_run_slowdown_pct,cv_pct,baseline_cv_pct,median_p50_us,median_p95_us,median_p99_us,baseline_median_p95_us,p95_slowdown_pct,status
archive-extract,360ts,360 Total Security,"9, 2, 0, 1031",baseline-os,5,5,4,4,23321.5,23290.0,23551.0,13023.0,0.0,0.0,0.0,0.0,0,42.2,0.0,268.7,251.2,78.3,80.3,0.5,2.2,2304675.0,2579049.9,2579049.9,1446638.5,78.3,ok
com-create-instance,360ts,360 Total Security,"9, 2, 0, 1031",baseline-os,5,5,4,4,1527.2,1525.0,1532.0,488.0,0.0,0.0,0.0,0.0,0,0.2,0.1,0.0,0.0,222.4,223.9,0.4,1.8,282.9,379.0,754.3,148.2,155.7,ok
crypto-hash-verify,360ts,360 Total Security,"9, 2, 0, 1031",baseline-os,5,5,4,4,266.2,265.5,251.0,251.0,0.0,0.0,0.0,0.0,0,0.4,0.4,0.0,0.0,6.6,0.8,4.7,1.0,40.5,42.6,56.0,43.2,-1.5,ok
dll-load-unique,360ts,360 Total Security,"9, 2, 0, 1031",baseline-os,5,5,4,4,10490.5,10497.0,10677.0,7859.0,0.0,0.0,0.0,0.0,0,1.9,1.9,3836.1,3829.6,30.9,33.2,0.2,1.1,5161.0,6234.0,6993.7,4627.8,34.7,ok
ext-sensitivity-dll,360ts,360 Total Security,"9, 2, 0, 1031",baseline-os,5,5,4,4,6554.2,6551.5,6531.0,3008.0,0.0,0.0,0.0,0.0,0,0.0,0.0,56.7,44.5,116.3,115.7,0.3,1.4,637.7,718.8,858.0,332.6,116.1,ok
ext-sensitivity-exe,360ts,360 Total Security,"9, 2, 0, 1031",baseline-os,5,5,4,4,6627.0,6616.5,6513.0,3008.0,0.0,0.0,0.0,0.0,0,14.7,0.0,75.2,42.5,118.9,115.5,1.2,1.0,644.8,746.0,914.9,327.8,127.6,ok
ext-sensitivity-js,360ts,360 Total Security,"9, 2, 0, 1031",baseline-os,5,5,4,4,6586.0,6578.5,6866.0,3008.0,0.0,0.0,0.0,0.0,0,0.0,0.0,59.0,53.5,115.7,125.1,0.6,1.0,641.0,717.0,853.2,335.0,114.0,ok
ext-sensitivity-ps1,360ts,360 Total Security,"9, 2, 0, 1031",baseline-os,5,5,4,4,7574.2,7580.5,7635.0,2986.0,0.0,0.0,0.0,0.0,0,0.1,0.0,56.2,52.1,154.3,156.1,1.0,1.0,715.6,1019.8,1330.2,329.5,209.5,ok
file-copy-large,360ts,360 Total Security,"9, 2, 0, 1031",baseline-os,5,5,4,4,836.8,835.0,821.0,1004.0,0.0,0.0,0.0,0.0,0,0.0,0.1,0.8,100.1,-12.3,-13.8,0.7,1.4,35688.6,38651.3,38651.3,103532.1,-62.7,anomaly
file-create-delete,360ts,360 Total Security,"9, 2, 0, 1031",baseline-os,5,5,4,4,3300.8,3320.0,3343.0,1490.0,0.0,0.0,0.0,0.0,0,12.0,0.1,28.9,11.3,125.0,126.6,1.7,2.0,634.8,771.0,963.2,321.5,139.8,ok
file-enum-large-dir,360ts,360 Total Security,"9, 2, 0, 1031",baseline-os,5,5,4,4,4411.2,4400.5,4407.0,2364.0,0.0,0.0,0.0,0.0,0,0.2,0.1,53.6,58.6,83.2,83.5,0.8,0.3,2616.9,3235.0,4985.3,3270.0,-1.1,ok
file-write-content,360ts,360 Total Security,"9, 2, 0, 1031",baseline-os,5,5,4,4,6876.8,6883.5,6949.0,3289.0,0.0,0.0,0.0,0.0,0,0.0,0.0,55.9,58.0,108.6,110.5,0.4,0.5,657.8,772.8,995.3,362.8,113.0,ok
fs-watcher,360ts,360 Total Security,"9, 2, 0, 1031",baseline-os,5,5,4,4,5023.2,5006.0,5016.0,2201.0,0.0,0.0,0.0,0.0,0,0.1,0.1,37.6,28.7,127.0,127.5,1.0,0.9,959.2,1070.4,1256.0,487.6,119.5,ok
hardlink-create,360ts,360 Total Security,"9, 2, 0, 1031",baseline-os,5,5,4,4,3235.8,3231.0,3243.0,1246.0,0.0,0.0,0.0,0.0,0,0.0,0.0,5.2,9.2,155.0,156.0,1.2,0.8,629.7,734.2,1182.6,331.6,121.4,ok
junction-create,360ts,360 Total Security,"9, 2, 0, 1031",baseline-os,5,0,0,0,0.0,0.0,0.0,0.0,0.0,0.0,0.0,0.0,0,0.0,0.0,0.0,0.0,0.0,0.0,0.0,0.0,,,,,,failed
mem-alloc-protect,360ts,360 Total Security,"9, 2, 0, 1031",baseline-os,5,5,4,4,159.8,160.5,161.0,169.0,0.0,0.0,0.0,0.0,0,0.0,0.0,0.0,0.0,-4.7,-4.5,2.3,1.5,2.9,3.2,4.4,5.5,-41.8,anomaly
mem-map-file,360ts,360 Total Security,"9, 2, 0, 1031",baseline-os,5,5,4,4,5742.0,5766.0,5767.0,3931.0,0.0,0.0,0.0,0.0,0,1.9,0.1,102.7,101.5,56.8,56.8,1.7,7.2,549.0,731.1,1084.6,510.2,43.3,ok
net-connect-loopback,360ts,360 Total Security,"9, 2, 0, 1031",baseline-os,5,5,4,4,707.2,698.5,708.0,577.0,0.0,0.0,0.0,0.0,0,33.9,0.2,0.0,0.0,22.1,23.8,2.7,1.2,332.4,426.8,703.0,359.0,18.9,ok
net-dns-resolve,360ts,360 Total Security,"9, 2, 0, 1031",baseline-os,5,5,4,4,1199.0,1200.0,1163.0,968.0,0.0,0.0,0.0,0.0,0,0.0,0.0,0.8,0.0,25.3,21.4,1.2,1.4,240.6,265.2,287.5,209.8,26.4,ok
new-exe-run,360ts,360 Total Security,"9, 2, 0, 1031",baseline-os,5,5,4,4,9375.0,9393.5,9424.0,1914.0,0.0,0.0,0.0,0.0,0,3.7,0.0,40.9,11.9,387.7,389.3,0.4,1.0,186311.8,195872.7,212243.0,40410.0,384.7,ok
new-exe-run-motw,360ts,360 Total Security,"9, 2, 0, 1031",baseline-os,5,5,4,4,9396.0,9381.5,9395.0,1950.0,0.0,0.0,0.0,0.0,0,0.1,0.1,37.4,12.1,386.0,386.7,0.8,0.7,186309.5,192400.3,209837.6,40985.9,369.4,ok
pipe-roundtrip,360ts,360 Total Security,"9, 2, 0, 1031",baseline-os,5,5,4,4,134.0,130.5,132.0,132.0,0.0,0.0,0.0,0.0,0,0.3,0.3,0.0,0.0,-10.6,-9.6,6.6,4.4,52.4,100.4,194.0,116.0,-13.4,anomaly
process-create-wait,360ts,360 Total Security,"9, 2, 0, 1031",baseline-os,5,5,4,4,43051.0,43021.0,43522.0,13290.0,0.0,0.0,0.0,0.0,0,91.2,0.1,129.1,1.7,220.9,224.7,0.2,0.4,85309.9,89934.4,94953.6,28754.1,212.8,ok
registry-crud,360ts,360 Total Security,"9, 2, 0, 1031",baseline-os,5,5,4,4,926.0,925.0,929.0,459.0,0.0,0.0,0.0,0.0,0,0.1,0.1,0.1,0.0,103.1,104.0,1.3,4.1,177.4,229.5,257.8,120.2,90.9,ok
ripgrep-clean-build,360ts,360 Total Security,"9, 2, 0, 1031",baseline-os,5,5,4,4,18260.0,18204.0,18244.0,14934.0,157467.8,4.2,3.9,0.3,1544,295.0,195.3,94.3,76.0,21.4,21.7,0.7,0.3,,,,,,ok
ripgrep-incremental-build,360ts,360 Total Security,"9, 2, 0, 1031",baseline-os,5,5,4,4,6421.2,6423.0,6394.0,6078.0,32350.5,2.7,2.1,0.5,468,0.0,0.0,24.9,19.4,9.1,8.6,0.5,0.5,,,,,,ok
roslyn-clean-build,360ts,360 Total Security,"9, 2, 0, 1031",baseline-os,5,5,4,4,217152.2,214137.5,205471.0,216530.0,3315092.5,10.5,9.0,1.6,8645,2518.4,9876.2,30644.6,30580.6,3.9,-0.3,3.0,2.0,,,,,,ok
roslyn-incremental-build,360ts,360 Total Security,"9, 2, 0, 1031",baseline-os,5,5,4,4,61212.2,61280.5,58586.0,63913.0,879030.2,16.2,15.2,1.0,5325,171.8,133.1,1239.3,1199.1,3.4,-1.1,2.1,3.2,,,,,,ok
thread-create,360ts,360 Total Security,"9, 2, 0, 1031",baseline-os,5,5,4,4,1218.5,1214.0,1229.0,1202.0,0.0,0.0,0.0,0.0,0,0.0,0.1,0.1,0.0,3.6,4.9,1.7,0.8,225.0,294.3,698.1,318.0,-7.5,ok
token-query,360ts,360 Total Security,"9, 2, 0, 1031",baseline-os,5,5,4,4,55.5,55.0,55.0,58.0,0.0,0.0,0.0,0.0,0,0.0,0.0,0.0,0.0,-0.9,-0.9,1.6,0.9,1.0,1.3,1.7,1.4,-3.7,anomaly
wmi-query,360ts,360 Total Security,"9, 2, 0, 1031",baseline-os,5,5,4,4,11997.5,11939.5,13654.0,13783.0,0.0,0.0,0.0,0.0,0,0.9,0.4,1.1,0.3,-14.7,-2.4,1.2,23.8,23606.0,26563.6,28257.9,30679.2,-13.4,anomaly
archive-extract,avast,Avast Antivirus,21.4.6162.0,baseline-os,5,5,4,4,14852.8,14716.0,14635.0,13023.0,0.0,0.0,0.0,0.0,0,42.7,0.0,254.7,251.2,12.7,12.0,2.1,2.2,1435740.3,1630592.6,1630592.6,1446638.5,12.7,ok
com-create-instance,avast,Avast Antivirus,21.4.6162.0,baseline-os,5,5,4,4,685.2,688.5,675.0,488.0,0.0,0.0,0.0,0.0,0,0.1,0.1,0.0,0.0,45.6,42.7,1.3,1.8,117.0,202.8,231.0,148.2,36.8,ok
crypto-hash-verify,avast,Avast Antivirus,21.4.6162.0,baseline-os,5,5,4,4,260.8,255.5,252.0,251.0,0.0,0.0,0.0,0.0,0,0.3,0.4,0.0,0.0,2.6,1.2,6.8,1.0,40.5,42.0,57.1,43.2,-2.9,ok
dll-load-unique,avast,Avast Antivirus,21.4.6162.0,baseline-os,5,5,4,4,8503.0,8473.5,8502.0,7859.0,0.0,0.0,0.0,0.0,0,1.9,1.9,3833.8,3829.6,5.7,6.0,1.3,1.1,4129.8,4904.9,5761.5,4627.8,6.0,ok
ext-sensitivity-dll,avast,Avast Antivirus,21.4.6162.0,baseline-os,5,5,4,4,3846.5,3825.5,3780.0,3008.0,0.0,0.0,0.0,0.0,0,12.8,0.0,55.4,44.5,26.3,24.8,2.0,1.4,375.6,421.0,641.4,332.6,26.6,ok
ext-sensitivity-exe,avast,Avast Antivirus,21.4.6162.0,baseline-os,5,5,3,4,4100.3,4105.0,3997.0,3008.0,0.0,0.0,0.0,0.0,0,3.1,0.0,35.3,42.5,35.8,32.2,1.1,1.0,399.0,447.4,502.2,327.8,36.5,failed
ext-sensitivity-js,avast,Avast Antivirus,21.4.6162.0,baseline-os,5,5,4,4,3596.5,3605.5,3552.0,3008.0,0.0,0.0,0.0,0.0,0,0.2,0.0,36.2,53.5,18.2,16.5,0.6,1.0,353.8,395.3,486.0,335.0,18.0,ok
ext-sensitivity-ps1,avast,Avast Antivirus,21.4.6162.0,baseline-os,5,5,4,4,3777.2,3771.0,3770.0,2986.0,0.0,0.0,0.0,0.0,0,0.0,0.0,53.9,52.1,26.5,26.4,0.6,1.0,375.4,416.6,484.2,329.5,26.4,ok
file-copy-large,avast,Avast Antivirus,21.4.6162.0,baseline-os,5,5,4,4,898.8,894.0,905.0,1004.0,0.0,0.0,0.0,0.0,0,0.0,0.1,100.3,100.1,-6.1,-4.9,2.6,1.4,35207.0,95292.8,95292.8,103532.1,-8.0,anomaly
file-create-delete,avast,Avast Antivirus,21.4.6162.0,baseline-os,5,5,4,4,1834.5,1834.0,1826.0,1490.0,0.0,0.0,0.0,0.0,0,0.4,0.1,19.5,11.3,24.3,23.8,0.9,2.0,349.8,399.2,514.1,321.5,24.2,ok
file-enum-large-dir,avast,Avast Antivirus,21.4.6162.0,baseline-os,5,5,4,4,2825.0,2833.5,2942.0,2364.0,0.0,0.0,0.0,0.0,0,0.2,0.1,57.4,58.6,18.0,22.5,1.0,0.3,2641.6,3261.6,5778.9,3270.0,-0.3,ok
file-write-content,avast,Avast Antivirus,21.4.6162.0,baseline-os,5,5,4,4,4244.8,4247.5,4178.0,3289.0,0.0,0.0,0.0,0.0,0,0.0,0.0,51.5,58.0,28.7,26.6,0.4,0.5,412.0,467.0,562.2,362.8,28.7,ok
fs-watcher,avast,Avast Antivirus,21.4.6162.0,baseline-os,5,5,4,4,2754.5,2756.0,2728.0,2201.0,0.0,0.0,0.0,0.0,0,0.1,0.1,32.5,28.7,25.0,23.7,0.8,0.9,519.2,589.4,741.3,487.6,20.9,ok
hardlink-create,avast,Avast Antivirus,21.4.6162.0,baseline-os,5,5,4,4,1730.2,1730.5,1746.0,1246.0,0.0,0.0,0.0,0.0,0,0.0,0.0,0.0,9.2,36.6,37.8,0.0,0.8,341.5,429.5,470.5,331.6,29.5,ok
junction-create,avast,Avast Antivirus,21.4.6162.0,baseline-os,5,5,4,4,990.5,993.0,1001.0,581.0,0.0,0.0,0.0,0.0,0,0.1,0.0,0.0,2.5,65.0,66.3,0.7,1.5,457.8,662.2,1024.0,346.8,90.9,ok
mem-alloc-protect,avast,Avast Antivirus,21.4.6162.0,baseline-os,5,5,4,4,193.5,193.5,186.0,169.0,0.0,0.0,0.0,0.0,0,0.0,0.0,0.0,0.0,14.8,10.4,1.3,1.5,3.6,4.0,5.7,5.5,-28.2,ok
mem-map-file,avast,Avast Antivirus,21.4.6162.0,baseline-os,5,5,4,4,4293.0,4273.0,4306.0,3931.0,0.0,0.0,0.0,0.0,0,0.3,0.1,101.4,101.5,16.2,17.1,1.5,7.2,407.5,571.8,903.6,510.2,12.1,ok
net-connect-loopback,avast,Avast Antivirus,21.4.6162.0,baseline-os,5,5,4,4,1232.5,1226.0,1210.0,577.0,0.0,0.0,0.0,0.0,0,28.1,0.2,0.1,0.0,114.3,111.5,2.2,1.2,567.7,759.7,1007.0,359.0,111.6,ok
net-dns-resolve,avast,Avast Antivirus,21.4.6162.0,baseline-os,5,5,4,4,1166.2,1174.0,1147.0,968.0,0.0,0.0,0.0,0.0,0,17.3,0.0,0.4,0.0,22.5,19.7,2.4,1.4,229.4,251.0,274.5,209.8,19.7,ok
new-exe-run,avast,Avast Antivirus,21.4.6162.0,baseline-os,5,5,4,4,6165.2,6140.5,6046.0,1914.0,0.0,0.0,0.0,0.0,0,0.4,0.0,11.8,11.9,218.8,213.9,1.7,1.0,120139.4,136934.6,218725.4,40410.0,238.9,ok
new-exe-run-motw,avast,Avast Antivirus,21.4.6162.0,baseline-os,5,5,4,4,3248.5,3256.5,3159.0,1950.0,0.0,0.0,0.0,0.0,0,0.9,0.1,13.1,12.1,68.7,63.6,0.7,0.7,64440.2,68175.5,79248.2,40985.9,66.3,ok
pipe-roundtrip,avast,Avast Antivirus,21.4.6162.0,baseline-os,5,5,4,4,155.2,154.0,164.0,132.0,0.0,0.0,0.0,0.0,0,0.6,0.3,0.0,0.0,5.5,12.3,4.0,4.4,60.9,75.4,160.7,116.0,-35.0,ok
process-create-wait,avast,Avast Antivirus,21.4.6162.0,baseline-os,5,5,4,4,25152.5,25139.0,25049.0,13290.0,0.0,0.0,0.0,0.0,0,15.8,0.1,13.1,1.7,87.5,86.9,0.5,0.4,46681.0,49420.4,52666.7,28754.1,71.9,ok
registry-crud,avast,Avast Antivirus,21.4.6162.0,baseline-os,5,5,4,4,1862.0,1329.0,1345.0,459.0,0.0,0.0,0.0,0.0,0,0.2,0.1,0.0,0.0,191.8,195.3,49.8,4.1,257.0,316.4,345.3,120.2,163.2,noisy
ripgrep-clean-build,avast,Avast Antivirus,21.4.6162.0,baseline-os,5,5,4,4,19038.0,19003.0,18843.0,14934.0,156432.8,4.7,3.9,0.8,2169,317.1,195.3,86.7,76.0,26.8,25.7,0.9,0.3,,,,,,ok
ripgrep-incremental-build,avast,Avast Antivirus,21.4.6162.0,baseline-os,5,5,4,4,6029.0,6026.5,6124.0,6078.0,32389.8,2.6,2.1,0.5,471,0.1,0.0,19.1,19.4,2.4,4.0,0.6,0.5,,,,,,ok
roslyn-clean-build,avast,Avast Antivirus,21.4.6162.0,baseline-os,5,5,4,4,213858.2,211922.0,216716.0,216530.0,3393413.0,11.5,9.0,2.5,8985,7347.6,9876.2,30667.9,30580.6,2.8,5.1,1.9,2.0,,,,,,ok
roslyn-incremental-build,avast,Avast Antivirus,21.4.6162.0,baseline-os,5,5,4,4,66320.0,66704.5,67194.0,63913.0,958651.5,20.8,15.2,5.6,5070,133.5,133.1,1214.0,1199.1,12.6,13.4,3.6,3.2,,,,,,ok
thread-create,avast,Avast Antivirus,21.4.6162.0,baseline-os,5,5,4,4,1485.8,1490.5,1481.0,1202.0,0.0,0.0,0.0,0.0,0,34.5,0.1,0.1,0.0,27.2,26.4,3.6,0.8,256.8,494.8,780.7,318.0,55.6,ok
token-query,avast,Avast Antivirus,21.4.6162.0,baseline-os,5,5,4,4,83.2,83.0,82.0,58.0,0.0,0.0,0.0,0.0,0,0.0,0.0,0.0,0.0,49.5,47.7,1.3,0.9,1.5,2.0,2.5,1.4,44.4,ok
wmi-query,avast,Avast Antivirus,21.4.6162.0,baseline-os,5,5,4,4,9988.8,9625.5,9054.0,13783.0,0.0,0.0,0.0,0.0,0,0.1,0.4,0.4,0.3,-31.2,-35.3,7.6,23.8,18905.6,20668.3,21898.3,30679.2,-32.6,anomaly
archive-extract,avira,Avira Security,1.0.2604.8504,baseline-os,5,5,4,4,16200.5,16149.0,15996.0,13023.0,0.0,0.0,0.0,0.0,0,34.4,0.0,261.2,251.2,23.6,22.5,1.0,2.2,1561058.2,1913829.6,1913829.6,1446638.5,32.3,ok
com-create-instance,avira,Avira Security,1.0.2604.8504,baseline-os,5,5,4,4,735.5,722.0,726.0,488.0,0.0,0.0,0.0,0.0,0,0.2,0.1,0.0,0.0,52.6,53.5,3.6,1.8,123.4,205.8,233.2,148.2,38.8,ok
crypto-hash-verify,avira,Avira Security,1.0.2604.8504,baseline-os,5,5,4,4,253.5,246.5,240.0,251.0,0.0,0.0,0.0,0.0,0,0.0,0.4,0.0,0.0,-1.0,-3.6,6.4,1.0,40.5,41.8,56.3,43.2,-3.2,anomaly
dll-load-unique,avira,Avira Security,1.0.2604.8504,baseline-os,5,5,4,4,44401.5,44465.5,44123.0,7859.0,0.0,0.0,0.0,0.0,0,16.2,1.9,3835.4,3829.6,454.6,450.3,0.7,1.1,21895.8,23261.7,24250.4,4627.8,402.7,ok
ext-sensitivity-dll,avira,Avira Security,1.0.2604.8504,baseline-os,5,5,4,4,5008.2,5011.0,5127.0,3008.0,0.0,0.0,0.0,0.0,0,0.0,0.0,38.1,44.5,65.5,69.3,0.4,1.4,472.6,614.2,822.0,332.6,84.6,ok
ext-sensitivity-exe,avira,Avira Security,1.0.2604.8504,baseline-os,5,5,4,4,4985.0,4979.5,4997.0,3008.0,0.0,0.0,0.0,0.0,0,0.1,0.0,37.3,42.5,64.7,65.3,0.8,1.0,470.6,603.6,786.7,327.8,84.2,ok
ext-sensitivity-js,avira,Avira Security,1.0.2604.8504,baseline-os,5,5,4,4,5017.2,5012.0,5011.0,3008.0,0.0,0.0,0.0,0.0,0,0.0,0.0,48.6,53.5,64.3,64.3,1.1,1.0,472.2,606.0,771.5,335.0,80.9,ok
ext-sensitivity-ps1,avira,Avira Security,1.0.2604.8504,baseline-os,5,5,4,4,5082.2,5065.0,5060.0,2986.0,0.0,0.0,0.0,0.0,0,0.0,0.0,59.1,52.1,69.9,69.7,0.8,1.0,477.7,622.2,831.0,329.5,88.8,ok
file-copy-large,avira,Avira Security,1.0.2604.8504,baseline-os,5,5,4,4,836.5,833.5,867.0,1004.0,0.0,0.0,0.0,0.0,0,0.0,0.1,0.0,100.1,-12.4,-8.9,1.1,1.4,35275.0,48874.0,48874.0,103532.1,-52.8,anomaly
file-create-delete,avira,Avira Security,1.0.2604.8504,baseline-os,5,5,4,4,2578.2,2555.0,2536.0,1490.0,0.0,0.0,0.0,0.0,0,0.0,0.1,25.2,11.3,73.2,71.9,1.9,2.0,486.8,598.2,838.4,321.5,86.0,ok
file-enum-large-dir,avira,Avira Security,1.0.2604.8504,baseline-os,5,5,4,4,3892.5,3892.0,3844.0,2364.0,0.0,0.0,0.0,0.0,0,0.0,0.1,55.2,58.6,62.1,60.1,0.7,0.3,2580.1,3133.0,4535.8,3270.0,-4.2,ok
file-write-content,avira,Avira Security,1.0.2604.8504,baseline-os,5,5,4,4,5206.5,5202.0,5224.0,3289.0,0.0,0.0,0.0,0.0,0,0.0,0.0,43.6,58.0,57.6,58.3,0.4,0.5,493.4,620.0,809.3,362.8,70.9,ok
fs-watcher,avira,Avira Security,1.0.2604.8504,baseline-os,5,5,4,4,4094.0,4102.0,4106.0,2201.0,0.0,0.0,0.0,0.0,0,0.1,0.1,31.3,28.7,86.0,86.2,0.7,0.9,778.1,922.4,1090.8,487.6,89.2,ok
hardlink-create,avira,Avira Security,1.0.2604.8504,baseline-os,5,5,4,4,1823.8,1821.0,1813.0,1246.0,0.0,0.0,0.0,0.0,0,0.0,0.0,0.0,9.2,43.7,43.1,0.6,0.8,357.4,456.2,495.0,331.6,37.6,ok
junction-create,avira,Avira Security,1.0.2604.8504,baseline-os,5,5,4,4,929.2,926.5,931.0,581.0,0.0,0.0,0.0,0.0,0,6.0,0.0,4.9,2.5,53.9,54.7,0.5,1.5,450.9,512.0,602.8,346.8,47.6,ok
mem-alloc-protect,avira,Avira Security,1.0.2604.8504,baseline-os,5,5,4,4,162.2,162.5,161.0,169.0,0.0,0.0,0.0,0.0,0,0.0,0.0,0.0,0.0,-3.6,-4.5,1.1,1.5,2.9,3.6,6.8,5.5,-33.6,anomaly
mem-map-file,avira,Avira Security,1.0.2604.8504,baseline-os,5,5,4,4,11085.8,11094.0,11153.0,3931.0,0.0,0.0,0.0,0.0,0,0.1,0.1,103.1,101.5,201.7,203.3,0.3,7.2,1060.7,1375.2,1778.6,510.2,169.5,ok
net-connect-loopback,avira,Avira Security,1.0.2604.8504,baseline-os,5,5,4,4,901.0,899.5,887.0,577.0,0.0,0.0,0.0,0.0,0,0.9,0.2,0.1,0.0,57.3,55.1,0.7,1.2,404.5,582.5,862.6,359.0,62.2,ok
net-dns-resolve,avira,Avira Security,1.0.2604.8504,baseline-os,5,5,4,4,6438.0,6435.0,6460.0,968.0,0.0,0.0,0.0,0.0,0,0.4,0.0,4.2,0.0,571.7,574.3,0.3,1.4,1165.8,1876.3,2387.6,209.8,794.5,ok
new-exe-run,avira,Avira Security,1.0.2604.8504,baseline-os,5,5,4,4,86020.5,16176.0,301226.0,1914.0,0.0,0.0,0.0,0.0,0,5.4,0.0,15.0,11.9,739.9,15540.0,141.0,1.0,307967.8,406448.6,423599.4,40410.0,905.8,noisy
new-exe-run-motw,avira,Avira Security,1.0.2604.8504,baseline-os,5,5,4,4,5744.5,4394.5,10366.0,1950.0,0.0,0.0,0.0,0.0,0,0.0,0.1,12.3,12.1,127.6,437.0,41.3,0.7,86790.8,92595.6,112312.4,40985.9,125.9,noisy
pipe-roundtrip,avira,Avira Security,1.0.2604.8504,baseline-os,5,5,4,4,148.2,148.0,140.0,132.0,0.0,0.0,0.0,0.0,0,0.4,0.3,0.0,0.0,1.4,-4.1,1.3,4.4,50.0,69.4,164.6,116.0,-40.2,ok
process-create-wait,avira,Avira Security,1.0.2604.8504,baseline-os,5,5,4,4,18501.2,18500.0,18382.0,13290.0,0.0,0.0,0.0,0.0,0,59.0,0.1,101.1,1.7,38.0,37.1,0.7,0.4,36578.4,39577.6,42899.2,28754.1,37.6,ok
registry-crud,avira,Avira Security,1.0.2604.8504,baseline-os,5,5,4,4,5598.8,5612.5,5597.0,459.0,0.0,0.0,0.0,0.0,0,0.4,0.1,0.2,0.0,1132.2,1128.8,0.7,4.1,1102.7,1206.6,1257.6,120.2,903.8,ok
ripgrep-clean-build,avira,Avira Security,1.0.2604.8504,baseline-os,5,5,4,4,147967.0,147738.5,128448.0,14934.0,154569.2,4.5,3.9,0.6,2124,317.7,195.3,113.9,76.0,885.4,756.7,14.0,0.3,,,,,,noisy
ripgrep-incremental-build,avira,Avira Security,1.0.2604.8504,baseline-os,5,5,4,4,6097.0,6101.5,6045.0,6078.0,33065.2,2.4,2.1,0.3,464,0.0,0.0,15.6,19.4,3.7,2.7,0.4,0.5,,,,,,ok
roslyn-clean-build,avira,Avira Security,1.0.2604.8504,baseline-os,5,5,4,4,229264.8,229388.5,479777.0,216530.0,3278792.2,10.4,9.0,1.4,8628,7031.8,9876.2,30580.9,30580.6,11.3,132.7,3.0,2.0,,,,,,ok
roslyn-incremental-build,avira,Avira Security,1.0.2604.8504,baseline-os,5,5,4,4,62532.2,62391.5,162989.0,63913.0,854507.2,15.8,15.2,0.6,4995,181.3,133.1,1225.8,1199.1,5.3,175.0,1.9,3.2,,,,,,ok
thread-create,avira,Avira Security,1.0.2604.8504,baseline-os,5,5,4,4,1455.8,1452.5,1427.0,1202.0,0.0,0.0,0.0,0.0,0,0.0,0.1,0.1,0.0,23.9,21.8,1.4,0.8,262.8,457.4,822.5,318.0,43.8,ok
token-query,avira,Avira Security,1.0.2604.8504,baseline-os,5,5,4,4,55.8,56.0,54.0,58.0,0.0,0.0,0.0,0.0,0,0.0,0.0,0.0,0.0,0.9,-2.7,0.8,0.9,1.0,1.3,1.6,1.4,-3.7,ok
wmi-query,avira,Avira Security,1.0.2604.8504,baseline-os,5,5,4,4,10725.8,11312.5,11408.0,13783.0,0.0,0.0,0.0,0.0,0,0.1,0.4,0.2,0.3,-19.2,-18.5,11.9,23.8,22340.0,24153.0,25299.4,30679.2,-21.3,anomaly
archive-extract,bitdefender,Bitdefender Antivirus,27.0.3.9,baseline-os,5,5,4,4,73382.8,73276.0,74391.0,13023.0,0.0,0.0,0.0,0.0,0,32.1,0.0,583.2,251.2,461.0,469.5,0.5,2.2,7234895.2,7691182.1,7691182.1,1446638.5,431.7,ok
com-create-instance,bitdefender,Bitdefender Antivirus,27.0.3.9,baseline-os,5,5,4,4,1635.0,1621.0,1620.0,488.0,0.0,0.0,0.0,0.0,0,0.1,0.1,0.0,0.0,242.7,242.5,1.8,1.8,317.0,344.5,367.2,148.2,132.4,ok
crypto-hash-verify,bitdefender,Bitdefender Antivirus,27.0.3.9,baseline-os,5,5,4,4,270.8,264.5,269.0,251.0,0.0,0.0,0.0,0.0,0,0.4,0.4,0.0,0.0,6.2,8.0,8.6,1.0,40.5,41.6,57.2,43.2,-3.8,ok
dll-load-unique,bitdefender,Bitdefender Antivirus,27.0.3.9,baseline-os,5,5,4,4,15761.8,15708.0,15844.0,7859.0,0.0,0.0,0.0,0.0,0,2.3,1.9,3833.4,3829.6,95.9,97.6,1.2,1.1,6992.0,7996.0,20865.1,4627.8,72.8,ok
ext-sensitivity-dll,bitdefender,Bitdefender Antivirus,27.0.3.9,baseline-os,5,5,4,4,22383.0,22352.0,22227.0,3008.0,0.0,0.0,0.0,0.0,0,0.1,0.0,53.0,44.5,638.1,633.9,0.6,1.4,1687.2,2171.5,23779.7,332.6,552.8,ok
ext-sensitivity-exe,bitdefender,Bitdefender Antivirus,27.0.3.9,baseline-os,5,5,4,4,21272.5,21288.5,20953.0,3008.0,0.0,0.0,0.0,0.0,0,0.1,0.0,56.2,42.5,604.3,593.2,0.5,1.0,1684.1,2149.0,33099.6,327.8,555.7,ok
ext-sensitivity-js,bitdefender,Bitdefender Antivirus,27.0.3.9,baseline-os,5,5,4,4,38918.8,38936.0,38986.0,3008.0,0.0,0.0,0.0,0.0,0,0.2,0.0,56.0,53.5,1176.6,1178.2,0.5,1.0,2013.3,3261.7,62112.4,335.0,873.8,ok
ext-sensitivity-ps1,bitdefender,Bitdefender Antivirus,27.0.3.9,baseline-os,5,5,4,4,125060.2,121172.0,120530.0,2986.0,0.0,0.0,0.0,0.0,0,0.2,0.0,62.0,52.1,3964.1,3942.6,8.0,1.0,11308.8,12833.0,23853.8,329.5,3794.7,ok
file-copy-large,bitdefender,Bitdefender Antivirus,27.0.3.9,baseline-os,5,5,4,4,868.5,874.0,876.0,1004.0,0.0,0.0,0.0,0.0,0,0.0,0.1,1.3,100.1,-8.2,-8.0,1.4,1.4,38544.4,41345.0,41345.0,103532.1,-60.1,anomaly
file-create-delete,bitdefender,Bitdefender Antivirus,27.0.3.9,baseline-os,5,5,4,4,6258.5,6245.0,6329.0,1490.0,0.0,0.0,0.0,0.0,0,0.6,0.1,23.9,11.3,323.2,328.9,0.5,2.0,1154.5,1604.8,3052.0,321.5,399.1,ok
file-enum-large-dir,bitdefender,Bitdefender Antivirus,27.0.3.9,baseline-os,5,5,4,4,20198.2,20136.5,20473.0,2364.0,0.0,0.0,0.0,0.0,0,0.8,0.1,68.8,58.6,738.5,752.5,1.0,0.3,2963.0,3472.6,5799.9,3270.0,6.2,ok
file-write-content,bitdefender,Bitdefender Antivirus,27.0.3.9,baseline-os,5,5,4,4,18850.0,18845.0,18932.0,3289.0,0.0,0.0,0.0,0.0,0,0.0,0.0,55.5,58.0,471.0,473.6,0.3,0.5,1022.3,1657.2,30579.5,362.8,356.8,ok
fs-watcher,bitdefender,Bitdefender Antivirus,27.0.3.9,baseline-os,5,5,4,4,19417.8,19381.0,19446.0,2201.0,0.0,0.0,0.0,0.0,0,0.1,0.1,35.9,28.7,779.0,781.9,0.6,0.9,1999.0,2649.9,89502.3,487.6,443.5,ok
hardlink-create,bitdefender,Bitdefender Antivirus,27.0.3.9,baseline-os,5,5,4,4,4408.8,4415.0,4412.0,1246.0,0.0,0.0,0.0,0.0,0,0.1,0.0,13.9,9.2,248.5,248.2,0.9,0.8,851.8,1088.8,1574.0,331.6,228.3,ok
junction-create,bitdefender,Bitdefender Antivirus,27.0.3.9,baseline-os,5,5,4,4,1588.8,1572.5,1589.0,581.0,0.0,0.0,0.0,0.0,0,2.6,0.0,11.1,2.5,161.2,164.0,2.0,1.5,776.7,837.0,1058.1,346.8,141.3,ok
mem-alloc-protect,bitdefender,Bitdefender Antivirus,27.0.3.9,baseline-os,5,5,4,4,169.2,169.0,166.0,169.0,0.0,0.0,0.0,0.0,0,0.0,0.0,0.0,0.0,0.3,-1.5,0.6,1.5,3.0,3.2,5.0,5.5,-41.8,ok
mem-map-file,bitdefender,Bitdefender Antivirus,27.0.3.9,baseline-os,5,5,4,4,12341.8,12329.5,12370.0,3931.0,0.0,0.0,0.0,0.0,0,0.5,0.1,102.1,101.5,235.3,236.4,1.3,7.2,1189.9,1519.2,1945.0,510.2,197.7,ok
net-connect-loopback,bitdefender,Bitdefender Antivirus,27.0.3.9,baseline-os,5,5,4,4,1457.2,1456.5,1537.0,577.0,0.0,0.0,0.0,0.0,0,0.3,0.2,4.1,0.0,154.6,168.7,0.6,1.2,691.1,853.6,1163.9,359.0,137.7,ok
net-dns-resolve,bitdefender,Bitdefender Antivirus,27.0.3.9,baseline-os,5,5,4,4,1226.8,1223.0,1252.0,968.0,0.0,0.0,0.0,0.0,0,0.0,0.0,0.1,0.0,27.7,30.7,1.4,1.4,248.0,272.8,290.2,209.8,30.1,ok
new-exe-run,bitdefender,Bitdefender Antivirus,27.0.3.9,baseline-os,5,5,4,4,14915.2,14937.5,10713.0,1914.0,0.0,0.0,0.0,0.0,0,3.5,0.0,12.4,11.9,675.6,456.2,0.4,1.0,290216.8,366441.4,388258.7,40410.0,806.8,ok
new-exe-run-motw,bitdefender,Bitdefender Antivirus,27.0.3.9,baseline-os,5,5,4,4,12228.5,12083.5,8042.0,1950.0,0.0,0.0,0.0,0.0,0,0.2,0.1,19.2,12.1,525.9,316.6,2.9,0.7,234996.8,320619.3,345609.2,40985.9,682.3,ok
pipe-roundtrip,bitdefender,Bitdefender Antivirus,27.0.3.9,baseline-os,5,5,4,4,174.5,175.5,177.0,132.0,0.0,0.0,0.0,0.0,0,0.3,0.3,0.0,0.0,20.2,21.2,3.5,4.4,68.0,132.5,232.3,116.0,14.2,ok
process-create-wait,bitdefender,Bitdefender Antivirus,27.0.3.9,baseline-os,5,5,4,4,31698.0,31609.0,31152.0,13290.0,0.0,0.0,0.0,0.0,0,152.6,0.1,289.2,1.7,135.8,132.4,1.5,0.4,62097.4,67665.6,72973.8,28754.1,135.3,ok
registry-crud,bitdefender,Bitdefender Antivirus,27.0.3.9,baseline-os,5,5,4,4,5277.5,5276.5,5293.0,459.0,0.0,0.0,0.0,0.0,0,0.1,0.1,0.5,0.0,1058.4,1062.0,0.1,4.1,1059.6,1118.4,1150.6,120.2,830.4,ok
ripgrep-clean-build,bitdefender,Bitdefender Antivirus,27.0.3.9,baseline-os,5,5,4,4,17591.5,17582.5,17639.0,14934.0,160182.8,5.6,3.9,1.7,2083,375.2,195.3,76.0,76.0,17.3,17.7,0.2,0.3,,,,,,ok
ripgrep-incremental-build,bitdefender,Bitdefender Antivirus,27.0.3.9,baseline-os,5,5,4,4,6493.5,6489.5,6537.0,6078.0,32964.0,3.1,2.1,1.0,480,0.0,0.0,45.3,19.4,10.2,11.1,1.7,0.5,,,,,,ok
roslyn-clean-build,bitdefender,Bitdefender Antivirus,27.0.3.9,baseline-os,5,5,4,4,248962.2,239808.5,233499.0,216530.0,3361877.8,12.6,9.0,3.6,8885,3528.7,9876.2,30722.0,30580.6,16.3,13.3,7.0,2.0,,,,,,ok
roslyn-incremental-build,bitdefender,Bitdefender Antivirus,27.0.3.9,baseline-os,5,5,4,4,64137.5,63642.0,65869.0,63913.0,919221.8,19.4,15.2,4.2,5183,128.5,133.1,1204.2,1199.1,7.4,11.2,1.5,3.2,,,,,,ok
thread-create,bitdefender,Bitdefender Antivirus,27.0.3.9,baseline-os,5,5,4,4,1301.5,1301.5,1290.0,1202.0,0.0,0.0,0.0,0.0,0,0.2,0.1,0.0,0.0,11.0,10.1,0.4,0.8,235.2,379.3,723.6,318.0,19.3,ok
token-query,bitdefender,Bitdefender Antivirus,27.0.3.9,baseline-os,5,5,4,4,86.0,86.0,86.0,58.0,0.0,0.0,0.0,0.0,0,0.0,0.0,0.0,0.0,55.0,55.0,0.8,0.9,1.4,1.8,2.1,1.4,33.3,ok
wmi-query,bitdefender,Bitdefender Antivirus,27.0.3.9,baseline-os,5,5,4,4,11757.2,11762.0,12133.0,13783.0,0.0,0.0,0.0,0.0,0,0.2,0.4,0.1,0.3,-16.0,-13.3,0.5,23.8,23129.8,25089.4,26152.3,30679.2,-18.2,anomaly
archive-extract,drweb,Dr.Web Security Space,1.0.0.04150,baseline-os,5,5,4,4,16048.8,16160.5,15556.0,13023.0,0.0,0.0,0.0,0.0,0,62.0,0.0,264.1,251.2,23.7,19.1,1.8,2.2,1528008.1,1655204.1,1655204.1,1446638.5,14.4,ok
com-create-instance,drweb,Dr.Web Security Space,1.0.0.04150,baseline-os,5,5,4,4,748.8,750.0,753.0,488.0,0.0,0.0,0.0,0.0,0,0.3,0.1,0.0,0.0,58.6,59.2,1.9,1.8,130.6,217.9,249.0,148.2,47.0,ok
crypto-hash-verify,drweb,Dr.Web Security Space,1.0.0.04150,baseline-os,5,5,4,4,255.8,247.5,257.0,251.0,0.0,0.0,0.0,0.0,0,0.0,0.4,0.0,0.0,-0.6,3.2,6.4,1.0,40.5,43.6,57.0,43.2,0.8,anomaly
dll-load-unique,drweb,Dr.Web Security Space,1.0.0.04150,baseline-os,5,5,4,4,340999.2,399853.0,398633.0,7859.0,0.0,0.0,0.0,0.0,0,112.8,1.9,3864.7,3829.6,4886.9,4871.7,47.9,1.1,196230.2,450386.4,455060.8,4627.8,9632.2,noisy
ext-sensitivity-dll,drweb,Dr.Web Security Space,1.0.0.04150,baseline-os,5,5,4,4,14912.5,14859.5,14129.0,3008.0,0.0,0.0,0.0,0.0,0,0.9,0.0,53.7,44.5,390.7,366.5,2.4,1.4,1334.6,2191.0,2566.0,332.6,558.7,ok
ext-sensitivity-exe,drweb,Dr.Web Security Space,1.0.0.04150,baseline-os,5,5,4,4,15125.5,14433.0,14738.0,3008.0,0.0,0.0,0.0,0.0,0,0.2,0.0,65.7,42.5,377.5,387.6,10.1,1.0,1318.6,2077.1,2476.4,327.8,533.7,noisy
ext-sensitivity-js,drweb,Dr.Web Security Space,1.0.0.04150,baseline-os,5,5,4,4,14608.8,14627.0,15482.0,3008.0,0.0,0.0,0.0,0.0,0,0.6,0.0,60.3,53.5,379.6,407.6,2.2,1.0,1324.6,2077.5,2547.2,335.0,520.2,ok
ext-sensitivity-ps1,drweb,Dr.Web Security Space,1.0.0.04150,baseline-os,5,5,4,4,17306.8,14883.0,14911.0,2986.0,0.0,0.0,0.0,0.0,0,0.3,0.0,51.8,52.1,399.2,400.1,25.7,1.0,1328.9,2195.4,2627.4,329.5,566.3,noisy
file-copy-large,drweb,Dr.Web Security Space,1.0.0.04150,baseline-os,5,5,4,4,916.5,917.0,902.0,1004.0,0.0,0.0,0.0,0.0,0,0.0,0.1,103.2,100.1,-3.7,-5.3,0.4,1.4,38740.0,87055.4,87055.4,103532.1,-15.9,anomaly
file-create-delete,drweb,Dr.Web Security Space,1.0.0.04150,baseline-os,5,5,4,4,4411.0,4419.5,5108.0,1490.0,0.0,0.0,0.0,0.0,0,1.8,0.1,28.7,11.3,199.5,246.2,5.6,2.0,778.8,1397.4,1699.0,321.5,334.6,ok
file-enum-large-dir,drweb,Dr.Web Security Space,1.0.0.04150,baseline-os,5,5,4,4,3312.5,3297.5,3236.0,2364.0,0.0,0.0,0.0,0.0,0,5.5,0.1,55.4,58.6,37.3,34.7,1.3,0.3,2702.8,3524.8,4954.0,3270.0,7.8,ok
file-write-content,drweb,Dr.Web Security Space,1.0.0.04150,baseline-os,5,5,4,4,652824.5,364646.0,1704939.0,3289.0,0.0,0.0,0.0,0.0,0,170.0,0.0,199.0,58.0,10948.2,51557.0,106.9,0.5,8392.3,101734.0,185298.7,362.8,27941.3,noisy
fs-watcher,drweb,Dr.Web Security Space,1.0.0.04150,baseline-os,5,5,4,4,5524.2,5493.0,6016.0,2201.0,0.0,0.0,0.0,0.0,0,0.3,0.1,35.5,28.7,149.1,172.8,3.6,0.9,970.4,1691.4,2623.6,487.6,246.9,ok
hardlink-create,drweb,Dr.Web Security Space,1.0.0.04150,baseline-os,5,5,4,4,1941.2,1938.0,1922.0,1246.0,0.0,0.0,0.0,0.0,0,0.0,0.0,6.1,9.2,53.0,51.7,1.2,0.8,378.1,492.4,549.2,331.6,48.5,ok
junction-create,drweb,Dr.Web Security Space,1.0.0.04150,baseline-os,5,5,4,4,675.5,673.0,656.0,581.0,0.0,0.0,0.0,0.0,0,0.0,0.0,0.1,2.5,11.8,9.0,1.5,1.5,320.8,395.0,563.3,346.8,13.9,ok
mem-alloc-protect,drweb,Dr.Web Security Space,1.0.0.04150,baseline-os,5,5,4,4,163.2,163.0,162.0,169.0,0.0,0.0,0.0,0.0,0,0.0,0.0,0.0,0.0,-3.3,-3.9,2.8,1.5,3.0,3.2,4.4,5.5,-40.9,anomaly
mem-map-file,drweb,Dr.Web Security Space,1.0.0.04150,baseline-os,5,5,4,4,4290.8,4329.0,4270.0,3931.0,0.0,0.0,0.0,0.0,0,0.4,0.1,101.7,101.5,17.7,16.1,2.5,7.2,409.7,598.4,902.2,510.2,17.3,ok
net-connect-loopback,drweb,Dr.Web Security Space,1.0.0.04150,baseline-os,5,5,4,4,693.2,618.0,929.0,577.0,0.0,0.0,0.0,0.0,0,0.9,0.2,0.0,0.0,8.0,62.4,19.9,1.2,273.3,374.4,556.7,359.0,4.3,noisy
net-dns-resolve,drweb,Dr.Web Security Space,1.0.0.04150,baseline-os,5,5,4,4,1101.0,1094.0,1107.0,968.0,0.0,0.0,0.0,0.0,0,0.4,0.0,0.0,0.0,14.2,15.6,1.6,1.4,215.4,241.6,268.8,209.8,15.2,ok
new-exe-run,drweb,Dr.Web Security Space,1.0.0.04150,baseline-os,5,5,4,4,7568.2,3356.0,19926.0,1914.0,0.0,0.0,0.0,0.0,0,0.7,0.0,12.1,11.9,74.2,934.6,96.7,1.0,66214.9,73886.3,77406.4,40410.0,82.8,noisy
new-exe-run-motw,drweb,Dr.Web Security Space,1.0.0.04150,baseline-os,5,5,4,4,7573.2,3390.5,20021.0,1950.0,0.0,0.0,0.0,0.0,0,3.0,0.1,12.2,12.1,75.6,937.1,96.0,0.7,67398.5,72081.1,79086.5,40985.9,75.9,noisy
pipe-roundtrip,drweb,Dr.Web Security Space,1.0.0.04150,baseline-os,5,5,4,4,244.5,169.0,441.0,132.0,0.0,0.0,0.0,0.0,0,0.4,0.3,0.0,0.0,15.8,202.1,57.7,4.4,58.7,110.4,182.0,116.0,-4.8,noisy
process-create-wait,drweb,Dr.Web Security Space,1.0.0.04150,baseline-os,5,5,4,4,20225.0,20120.5,19583.0,13290.0,0.0,0.0,0.0,0.0,0,11.6,0.1,0.5,1.7,50.1,46.1,3.6,0.4,39023.6,42178.0,44632.2,28754.1,46.7,ok
registry-crud,drweb,Dr.Web Security Space,1.0.0.04150,baseline-os,5,5,4,4,702.8,693.0,725.0,459.0,0.0,0.0,0.0,0.0,0,0.0,0.1,0.0,0.0,52.1,59.2,2.9,4.1,128.9,180.3,218.8,120.2,50.0,ok
ripgrep-clean-build,drweb,Dr.Web Security Space,1.0.0.04150,baseline-os,5,5,4,4,17170.0,17095.0,18260.0,14934.0,176503.0,4.3,3.9,0.3,2152,381.2,195.3,77.0,76.0,14.0,21.8,2.6,0.3,,,,,,ok
ripgrep-incremental-build,drweb,Dr.Web Security Space,1.0.0.04150,baseline-os,5,5,4,4,6148.8,6154.5,6092.0,6078.0,33010.8,2.2,2.1,0.1,470,0.4,0.0,23.5,19.4,4.6,3.5,0.7,0.5,,,,,,ok
roslyn-clean-build,drweb,Dr.Web Security Space,1.0.0.04150,baseline-os,5,5,4,4,293435.2,283902.0,329191.0,216530.0,3467643.8,11.2,9.0,2.3,9708,8272.4,9876.2,31038.1,30580.6,37.7,59.7,8.7,2.0,,,,,,ok
roslyn-incremental-build,drweb,Dr.Web Security Space,1.0.0.04150,baseline-os,5,5,4,4,72769.8,72486.0,69060.0,63913.0,918124.0,17.8,15.2,2.6,5126,2370.2,133.1,1270.4,1199.1,22.3,16.5,0.9,3.2,,,,,,ok
thread-create,drweb,Dr.Web Security Space,1.0.0.04150,baseline-os,5,5,4,4,1215.8,1216.0,1204.0,1202.0,0.0,0.0,0.0,0.0,0,0.0,0.1,0.0,0.0,3.8,2.7,0.9,0.8,223.9,301.6,662.6,318.0,-5.1,ok
token-query,drweb,Dr.Web Security Space,1.0.0.04150,baseline-os,5,5,4,4,55.8,56.0,56.0,58.0,0.0,0.0,0.0,0.0,0,0.0,0.0,0.0,0.0,0.9,0.9,0.8,0.9,1.0,1.3,1.6,1.4,-3.7,ok
wmi-query,drweb,Dr.Web Security Space,1.0.0.04150,baseline-os,5,5,4,4,12896.0,12907.0,15047.0,13783.0,0.0,0.0,0.0,0.0,0,2.5,0.4,0.2,0.3,-7.8,7.5,19.2,23.8,25440.3,27412.4,29158.1,30679.2,-10.6,anomaly
archive-extract,eset,ESET Security,19.1.12.0,baseline-os,5,5,4,4,16132.0,16067.0,16084.0,13023.0,0.0,0.0,0.0,0.0,0,65.8,0.0,311.3,251.2,23.0,23.1,0.9,2.2,1541165.0,2133678.6,2133678.6,1446638.5,47.5,ok
com-create-instance,eset,ESET Security,19.1.12.0,baseline-os,5,5,4,4,638.5,636.0,640.0,488.0,0.0,0.0,0.0,0.0,0,0.2,0.1,0.0,0.0,34.5,35.3,1.3,1.8,104.9,189.6,217.8,148.2,27.9,ok
crypto-hash-verify,eset,ESET Security,19.1.12.0,baseline-os,5,5,4,4,251.0,246.5,247.0,251.0,0.0,0.0,0.0,0.0,0,0.0,0.4,0.0,0.0,-1.0,-0.8,3.7,1.0,40.5,42.2,55.9,43.2,-2.4,anomaly
dll-load-unique,eset,ESET Security,19.1.12.0,baseline-os,5,5,4,4,10445.2,10452.0,10344.0,7859.0,0.0,0.0,0.0,0.0,0,0.0,1.9,3832.0,3829.6,30.4,29.0,0.6,1.1,5105.2,6059.5,6999.9,4627.8,30.9,ok
ext-sensitivity-dll,eset,ESET Security,19.1.12.0,baseline-os,5,5,4,4,6135.5,6129.5,6026.0,3008.0,0.0,0.0,0.0,0.0,0,0.0,0.0,50.5,44.5,102.4,99.0,0.3,1.4,583.3,727.6,1113.0,332.6,118.7,ok
ext-sensitivity-exe,eset,ESET Security,19.1.12.0,baseline-os,5,5,4,4,6236.0,6248.5,6155.0,3008.0,0.0,0.0,0.0,0.0,0,0.0,0.0,57.1,42.5,106.7,103.6,0.7,1.0,591.2,706.3,1098.1,327.8,115.5,ok
ext-sensitivity-js,eset,ESET Security,19.1.12.0,baseline-os,5,5,4,4,7834.5,7840.5,7545.0,3008.0,0.0,0.0,0.0,0.0,0,0.0,0.0,49.0,53.5,157.1,147.4,1.6,1.0,735.0,955.1,1441.9,335.0,185.1,ok
ext-sensitivity-ps1,eset,ESET Security,19.1.12.0,baseline-os,5,5,4,4,7734.2,7741.5,7577.0,2986.0,0.0,0.0,0.0,0.0,0,0.0,0.0,47.5,52.1,159.7,154.1,0.2,1.0,730.1,894.9,1401.8,329.5,171.6,ok
file-copy-large,eset,ESET Security,19.1.12.0,baseline-os,5,5,4,4,870.0,870.0,882.0,1004.0,0.0,0.0,0.0,0.0,0,0.0,0.1,100.0,100.1,-8.6,-7.4,0.4,1.4,35823.1,77709.8,77709.8,103532.1,-24.9,anomaly
file-create-delete,eset,ESET Security,19.1.12.0,baseline-os,5,5,4,4,2914.8,2910.5,2878.0,1490.0,0.0,0.0,0.0,0.0,0,0.1,0.1,23.8,11.3,97.3,95.1,0.5,2.0,546.7,688.8,1064.4,321.5,114.2,ok
file-enum-large-dir,eset,ESET Security,19.1.12.0,baseline-os,5,5,4,4,3452.2,3471.5,3332.0,2364.0,0.0,0.0,0.0,0.0,0,0.2,0.1,58.9,58.6,44.6,38.7,1.8,0.3,2601.1,3313.1,4759.6,3270.0,1.3,ok
file-write-content,eset,ESET Security,19.1.12.0,baseline-os,5,5,4,4,93956.2,94177.0,93431.0,3289.0,0.0,0.0,0.0,0.0,0,144.2,0.0,81.3,58.0,2753.4,2730.8,2.0,0.5,9342.0,10464.7,10998.0,362.8,2784.4,ok
fs-watcher,eset,ESET Security,19.1.12.0,baseline-os,5,5,4,4,4924.2,4953.5,4937.0,2201.0,0.0,0.0,0.0,0.0,0,0.2,0.1,30.9,28.7,124.6,123.9,1.8,0.9,907.6,1190.8,1408.1,487.6,144.3,ok
hardlink-create,eset,ESET Security,19.1.12.0,baseline-os,5,5,4,4,1801.8,1804.0,1795.0,1246.0,0.0,0.0,0.0,0.0,0,0.0,0.0,5.0,9.2,42.4,41.7,0.4,0.8,353.8,445.2,475.6,331.6,34.2,ok
junction-create,eset,ESET Security,19.1.12.0,baseline-os,5,5,4,4,705.2,705.0,702.0,581.0,0.0,0.0,0.0,0.0,0,0.0,0.0,4.8,2.5,17.1,16.6,0.9,1.5,336.2,397.6,570.3,346.8,14.6,ok
mem-alloc-protect,eset,ESET Security,19.1.12.0,baseline-os,5,5,4,4,171.2,171.5,175.0,169.0,0.0,0.0,0.0,0.0,0,1.0,0.0,0.0,0.0,1.8,3.9,0.5,1.5,3.1,3.6,6.7,5.5,-33.6,ok
mem-map-file,eset,ESET Security,19.1.12.0,baseline-os,5,5,4,4,5655.5,5672.0,5722.0,3931.0,0.0,0.0,0.0,0.0,0,0.1,0.1,39.1,101.5,54.2,55.6,1.0,7.2,547.6,657.8,975.5,510.2,28.9,ok
net-connect-loopback,eset,ESET Security,19.1.12.0,baseline-os,5,5,4,4,1579.5,1580.0,1499.0,577.0,0.0,0.0,0.0,0.0,0,1.1,0.2,0.0,0.0,176.2,162.1,3.1,1.2,714.4,931.6,1243.7,359.0,159.4,ok
net-dns-resolve,eset,ESET Security,19.1.12.0,baseline-os,5,5,4,4,1009.5,1008.5,1027.0,968.0,0.0,0.0,0.0,0.0,0,0.4,0.0,0.1,0.0,5.3,7.2,2.1,1.4,199.8,216.6,230.6,209.8,3.3,ok
new-exe-run,eset,ESET Security,19.1.12.0,baseline-os,5,5,4,4,5149.5,5695.0,5630.0,1914.0,0.0,0.0,0.0,0.0,0,2.4,0.0,13.0,11.9,195.7,192.3,21.3,1.0,111858.4,131254.2,144592.6,40410.0,224.8,noisy
new-exe-run-motw,eset,ESET Security,19.1.12.0,baseline-os,5,5,4,4,3082.2,3084.5,3024.0,1950.0,0.0,0.0,0.0,0.0,0,0.2,0.1,12.6,12.1,59.8,56.6,0.4,0.7,60999.4,65397.8,76756.4,40985.9,59.6,ok
pipe-roundtrip,eset,ESET Security,19.1.12.0,baseline-os,5,5,4,4,161.0,158.0,163.0,132.0,0.0,0.0,0.0,0.0,0,0.4,0.3,0.1,0.0,8.2,11.6,7.7,4.4,60.2,71.0,180.4,116.0,-38.8,ok
process-create-wait,eset,ESET Security,19.1.12.0,baseline-os,5,5,4,4,19684.2,19685.0,19468.0,13290.0,0.0,0.0,0.0,0.0,0,0.6,0.1,9.6,1.7,46.8,45.2,0.6,0.4,38873.8,41758.1,43415.2,28754.1,45.2,ok
registry-crud,eset,ESET Security,19.1.12.0,baseline-os,5,5,4,4,820.5,818.5,821.0,459.0,0.0,0.0,0.0,0.0,0,0.0,0.1,0.2,0.0,79.7,80.2,1.1,4.1,154.6,202.8,226.2,120.2,68.7,ok
ripgrep-clean-build,eset,ESET Security,19.1.12.0,baseline-os,5,5,4,4,17586.0,17575.5,17563.0,14934.0,167620.5,4.6,3.9,0.7,2185,375.2,195.3,75.7,76.0,17.2,17.1,0.3,0.3,,,,,,ok
ripgrep-incremental-build,eset,ESET Security,19.1.12.0,baseline-os,5,5,4,4,5940.0,5940.0,5941.0,6078.0,32561.8,2.4,2.1,0.3,472,0.0,0.0,21.1,19.4,0.9,0.9,0.5,0.5,,,,,,ok
roslyn-clean-build,eset,ESET Security,19.1.12.0,baseline-os,5,5,4,4,254076.0,251105.0,263064.0,216530.0,3306780.0,10.6,9.0,1.6,8342,9680.1,9876.2,30931.5,30580.6,21.8,27.6,4.9,2.0,,,,,,ok
roslyn-incremental-build,eset,ESET Security,19.1.12.0,baseline-os,5,5,4,4,64159.5,62314.0,60978.0,63913.0,882635.8,16.7,15.2,1.5,5258,175.2,133.1,1242.0,1199.1,5.2,2.9,7.2,3.2,,,,,,ok
thread-create,eset,ESET Security,19.1.12.0,baseline-os,5,5,4,4,1252.0,1250.0,1262.0,1202.0,0.0,0.0,0.0,0.0,0,0.0,0.1,0.0,0.0,6.7,7.7,0.7,0.8,234.6,310.8,698.2,318.0,-2.2,ok
token-query,eset,ESET Security,19.1.12.0,baseline-os,5,5,4,4,61.2,61.0,61.0,58.0,0.0,0.0,0.0,0.0,0,0.0,0.0,0.0,0.0,9.9,9.9,0.7,0.9,1.1,1.5,1.8,1.4,11.1,ok
wmi-query,eset,ESET Security,19.1.12.0,baseline-os,5,5,4,4,9449.0,9372.5,8807.0,13783.0,0.0,0.0,0.0,0.0,0,0.1,0.4,0.1,0.3,-33.0,-37.1,4.6,23.8,18378.3,20663.4,21773.8,30679.2,-32.6,anomaly
archive-extract,gdata,G DATA INTERNET SECURITY,22.0.0.0,baseline-os,5,5,4,4,33383.8,33311.0,33020.0,13023.0,0.0,0.0,0.0,0.0,0,41.6,0.0,276.2,251.2,155.0,152.8,1.1,2.2,3223232.6,4203855.6,4203855.6,1446638.5,190.6,ok
com-create-instance,gdata,G DATA INTERNET SECURITY,22.0.0.0,baseline-os,5,5,4,4,1887.8,1857.0,2050.0,488.0,0.0,0.0,0.0,0.0,0,13.6,0.1,5.0,0.0,292.6,333.4,4.7,1.8,328.1,605.4,936.1,148.2,308.4,ok
crypto-hash-verify,gdata,G DATA INTERNET SECURITY,22.0.0.0,baseline-os,5,5,4,4,247.5,249.0,222.0,251.0,0.0,0.0,0.0,0.0,0,4.4,0.4,0.0,0.0,0.0,-10.8,2.9,1.0,39.3,42.4,61.4,43.2,-1.8,ok
dll-load-unique,gdata,G DATA INTERNET SECURITY,22.0.0.0,baseline-os,5,5,4,4,46665.8,46660.5,46318.0,7859.0,0.0,0.0,0.0,0.0,0,157.0,1.9,3837.4,3829.6,481.9,477.7,1.1,1.1,22929.2,26590.1,28903.3,4627.8,474.6,ok
ext-sensitivity-dll,gdata,G DATA INTERNET SECURITY,22.0.0.0,baseline-os,5,5,4,4,8273.5,8265.5,8228.0,3008.0,0.0,0.0,0.0,0.0,0,3.8,0.0,54.8,44.5,172.9,171.7,0.7,1.4,781.3,1111.4,1483.1,332.6,234.1,ok
ext-sensitivity-exe,gdata,G DATA INTERNET SECURITY,22.0.0.0,baseline-os,5,5,4,4,8407.2,8406.5,8262.0,3008.0,0.0,0.0,0.0,0.0,0,17.5,0.0,65.0,42.5,178.1,173.3,0.7,1.0,781.3,1171.0,1520.0,327.8,257.3,ok
ext-sensitivity-js,gdata,G DATA INTERNET SECURITY,22.0.0.0,baseline-os,5,5,4,4,8338.2,8340.0,8542.0,3008.0,0.0,0.0,0.0,0.0,0,26.2,0.0,59.7,53.5,173.4,180.1,1.1,1.0,779.1,1161.2,1558.2,335.0,246.7,ok
ext-sensitivity-ps1,gdata,G DATA INTERNET SECURITY,22.0.0.0,baseline-os,5,5,4,4,8413.0,8392.5,8513.0,2986.0,0.0,0.0,0.0,0.0,0,5.7,0.0,56.4,52.1,181.5,185.5,0.8,1.0,783.0,1170.2,1554.5,329.5,255.1,ok
file-copy-large,gdata,G DATA INTERNET SECURITY,22.0.0.0,baseline-os,5,5,4,4,2389.0,2415.5,2570.0,1004.0,0.0,0.0,0.0,0.0,0,1.8,0.1,6.1,100.1,153.7,170.0,3.6,1.4,209349.0,299165.9,299165.9,103532.1,189.0,ok
file-create-delete,gdata,G DATA INTERNET SECURITY,22.0.0.0,baseline-os,5,5,4,4,4343.5,4169.5,4166.0,1490.0,0.0,0.0,0.0,0.0,0,1.4,0.1,23.0,11.3,182.6,182.3,8.2,2.0,740.8,1197.2,1579.9,321.5,272.3,ok
file-enum-large-dir,gdata,G DATA INTERNET SECURITY,22.0.0.0,baseline-os,5,5,4,4,6854.2,6854.5,6803.0,2364.0,0.0,0.0,0.0,0.0,0,0.0,0.1,53.1,58.6,185.4,183.3,1.5,0.3,3435.4,4731.0,5511.8,3270.0,44.7,ok
file-write-content,gdata,G DATA INTERNET SECURITY,22.0.0.0,baseline-os,5,5,4,4,33357.2,40419.5,43625.0,3289.0,0.0,0.0,0.0,0.0,0,0.0,0.0,63.8,58.0,1124.6,1221.8,42.6,0.5,1032.9,16527.6,17223.8,362.8,4455.6,noisy
fs-watcher,gdata,G DATA INTERNET SECURITY,22.0.0.0,baseline-os,5,5,4,4,8598.2,8988.0,7021.0,2201.0,0.0,0.0,0.0,0.0,0,132.4,0.1,45.4,28.7,307.6,218.4,9.8,0.9,1703.6,2266.0,2607.8,487.6,364.8,ok
hardlink-create,gdata,G DATA INTERNET SECURITY,22.0.0.0,baseline-os,5,5,4,4,3991.2,3994.0,4000.0,1246.0,0.0,0.0,0.0,0.0,0,0.0,0.0,4.8,9.2,215.2,215.7,0.6,0.8,760.8,1037.0,1389.6,331.6,212.7,ok
junction-create,gdata,G DATA INTERNET SECURITY,22.0.0.0,baseline-os,5,5,4,4,1307.8,1302.0,1308.0,581.0,0.0,0.0,0.0,0.0,0,0.0,0.0,7.7,2.5,116.3,117.3,1.8,1.5,626.3,796.7,1208.9,346.8,129.7,ok
mem-alloc-protect,gdata,G DATA INTERNET SECURITY,22.0.0.0,baseline-os,5,5,4,4,160.0,160.0,163.0,169.0,0.0,0.0,0.0,0.0,0,0.0,0.0,0.0,0.0,-5.0,-3.3,1.0,1.5,2.9,3.6,6.6,5.5,-34.5,anomaly
mem-map-file,gdata,G DATA INTERNET SECURITY,22.0.0.0,baseline-os,5,5,4,4,7069.8,7046.0,7040.0,3931.0,0.0,0.0,0.0,0.0,0,18.3,0.1,103.8,101.5,91.6,91.4,2.1,7.2,669.2,948.0,1277.8,510.2,85.8,ok
net-connect-loopback,gdata,G DATA INTERNET SECURITY,22.0.0.0,baseline-os,5,5,4,4,642.2,634.5,592.0,577.0,0.0,0.0,0.0,0.0,0,11.3,0.2,0.2,0.0,10.9,3.5,8.1,1.2,283.8,446.5,656.7,359.0,24.4,ok
net-dns-resolve,gdata,G DATA INTERNET SECURITY,22.0.0.0,baseline-os,5,5,4,4,942.5,945.0,957.0,968.0,0.0,0.0,0.0,0.0,0,6.5,0.0,2.8,0.0,-1.4,-0.1,1.6,1.4,190.5,211.2,227.2,209.8,0.7,anomaly
new-exe-run,gdata,G DATA INTERNET SECURITY,22.0.0.0,baseline-os,5,5,4,4,4005.8,3949.0,3951.0,1914.0,0.0,0.0,0.0,0.0,0,2.9,0.0,12.0,11.9,105.0,105.1,2.9,1.0,77913.9,87759.6,95255.0,40410.0,117.2,ok
new-exe-run-motw,gdata,G DATA INTERNET SECURITY,22.0.0.0,baseline-os,5,5,4,4,3842.2,3838.5,3921.0,1950.0,0.0,0.0,0.0,0.0,0,0.1,0.1,12.1,12.1,98.8,103.1,1.1,0.7,75928.2,82383.2,92201.7,40985.9,101.0,ok
pipe-roundtrip,gdata,G DATA INTERNET SECURITY,22.0.0.0,baseline-os,5,5,4,4,170.8,171.5,158.0,132.0,0.0,0.0,0.0,0.0,0,1.1,0.3,0.0,0.0,17.5,8.2,2.9,4.4,57.6,100.8,167.5,116.0,-13.1,ok
process-create-wait,gdata,G DATA INTERNET SECURITY,22.0.0.0,baseline-os,5,5,4,4,18427.0,18436.5,18236.0,13290.0,0.0,0.0,0.0,0.0,0,87.6,0.1,71.7,1.7,37.5,36.0,0.2,0.4,36066.0,40173.0,44380.6,28754.1,39.7,ok
registry-crud,gdata,G DATA INTERNET SECURITY,22.0.0.0,baseline-os,5,5,4,4,689.8,672.0,690.0,459.0,0.0,0.0,0.0,0.0,0,11.5,0.1,1.1,0.0,47.5,51.5,4.8,4.1,124.2,176.1,275.5,120.2,46.5,ok
ripgrep-clean-build,gdata,G DATA INTERNET SECURITY,22.0.0.0,baseline-os,5,5,4,4,19396.5,19199.5,19045.0,14934.0,181507.0,4.6,3.9,0.7,1995,556.2,195.3,117.8,76.0,28.1,27.0,2.4,0.3,,,,,,ok
ripgrep-incremental-build,gdata,G DATA INTERNET SECURITY,22.0.0.0,baseline-os,5,5,4,4,6794.5,6777.0,6817.0,6078.0,34823.2,2.7,2.1,0.5,473,68.6,0.0,24.7,19.4,15.1,15.8,0.9,0.5,,,,,,ok
roslyn-clean-build,gdata,G DATA INTERNET SECURITY,22.0.0.0,baseline-os,5,5,4,4,240031.8,240329.0,238645.0,216530.0,3565382.0,12.5,9.0,3.5,7940,14417.9,9876.2,31196.3,30580.6,16.6,15.8,1.2,2.0,,,,,,ok
roslyn-incremental-build,gdata,G DATA INTERNET SECURITY,22.0.0.0,baseline-os,5,5,4,4,69934.8,69690.5,71399.0,63913.0,960921.2,19.0,15.2,3.8,4913,733.9,133.1,1260.2,1199.1,17.6,20.5,1.1,3.2,,,,,,ok
thread-create,gdata,G DATA INTERNET SECURITY,22.0.0.0,baseline-os,5,5,4,4,1321.0,1310.0,1271.0,1202.0,0.0,0.0,0.0,0.0,0,0.0,0.1,0.0,0.0,11.8,8.4,2.6,0.8,240.8,355.0,744.2,318.0,11.6,ok
token-query,gdata,G DATA INTERNET SECURITY,22.0.0.0,baseline-os,5,5,4,4,54.5,54.5,55.0,58.0,0.0,0.0,0.0,0.0,0,0.2,0.0,0.0,0.0,-1.8,-0.9,3.3,0.9,1.0,1.3,1.6,1.4,-3.7,anomaly
wmi-query,gdata,G DATA INTERNET SECURITY,22.0.0.0,baseline-os,5,5,4,4,8883.5,8649.5,7785.0,13783.0,0.0,0.0,0.0,0.0,0,142.6,0.4,15.9,0.3,-38.2,-44.4,15.3,23.8,16895.5,19587.8,21130.6,30679.2,-36.2,anomaly
archive-extract,huorong,Huorong Internet Security,5.0.0.0,baseline-os,5,5,4,4,18661.0,18553.0,18416.0,13023.0,0.0,0.0,0.0,0.0,0,35.2,0.0,275.8,251.2,42.0,41.0,1.7,2.2,1837375.2,1981103.2,1981103.2,1446638.5,36.9,ok
com-create-instance,huorong,Huorong Internet Security,5.0.0.0,baseline-os,5,5,4,4,897.8,899.5,900.0,488.0,0.0,0.0,0.0,0.0,0,0.1,0.1,0.0,0.0,90.2,90.3,0.4,1.8,160.3,247.0,276.8,148.2,66.6,ok
crypto-hash-verify,huorong,Huorong Internet Security,5.0.0.0,baseline-os,5,5,4,4,263.5,266.0,264.0,251.0,0.0,0.0,0.0,0.0,0,0.0,0.4,0.0,0.0,6.8,6.0,4.2,1.0,40.4,42.8,56.4,43.2,-1.0,ok
dll-load-unique,huorong,Huorong Internet Security,5.0.0.0,baseline-os,5,5,4,4,27870.8,27572.5,27286.0,7859.0,0.0,0.0,0.0,0.0,0,171.9,1.9,3852.7,3829.6,243.9,240.3,2.2,1.1,13600.7,14949.4,16094.0,4627.8,223.0,ok
ext-sensitivity-dll,huorong,Huorong Internet Security,5.0.0.0,baseline-os,5,5,4,4,10972.2,10900.5,10973.0,3008.0,0.0,0.0,0.0,0.0,0,0.2,0.0,66.1,44.5,259.9,262.3,1.4,1.4,1046.4,1294.4,1674.5,332.6,289.1,ok
ext-sensitivity-exe,huorong,Huorong Internet Security,5.0.0.0,baseline-os,5,5,4,4,10035.0,10059.0,10009.0,3008.0,0.0,0.0,0.0,0.0,0,0.2,0.0,67.4,42.5,232.8,231.1,1.3,1.0,960.0,1215.5,1522.7,327.8,270.9,ok
ext-sensitivity-js,huorong,Huorong Internet Security,5.0.0.0,baseline-os,5,5,4,4,4768.2,4768.0,4809.0,3008.0,0.0,0.0,0.0,0.0,0,3.7,0.0,54.3,53.5,56.3,57.7,0.7,1.0,467.2,511.6,583.6,335.0,52.7,ok
ext-sensitivity-ps1,huorong,Huorong Internet Security,5.0.0.0,baseline-os,5,5,4,4,4790.2,4790.0,4827.0,2986.0,0.0,0.0,0.0,0.0,0,0.2,0.0,49.7,52.1,60.7,61.9,0.2,1.0,468.6,512.3,598.8,329.5,55.5,ok
file-copy-large,huorong,Huorong Internet Security,5.0.0.0,baseline-os,5,5,4,4,834.8,831.5,823.0,1004.0,0.0,0.0,0.0,0.0,0,0.0,0.1,0.0,100.1,-12.7,-13.6,1.7,1.4,35290.9,38481.8,38481.8,103532.1,-62.8,anomaly
file-create-delete,huorong,Huorong Internet Security,5.0.0.0,baseline-os,5,5,4,4,2399.0,2405.0,2406.0,1490.0,0.0,0.0,0.0,0.0,0,0.6,0.1,27.2,11.3,63.0,63.1,0.5,2.0,462.4,512.9,633.0,321.5,59.5,ok
file-enum-large-dir,huorong,Huorong Internet Security,5.0.0.0,baseline-os,5,5,4,4,6492.8,4372.5,4393.0,2364.0,0.0,0.0,0.0,0.0,0,1.7,0.1,41.9,58.6,82.1,82.9,57.1,0.3,2837.2,3580.5,5223.9,3270.0,9.5,noisy
file-write-content,huorong,Huorong Internet Security,5.0.0.0,baseline-os,5,5,4,4,1043324.8,1043680.5,1047793.0,3289.0,0.0,0.0,0.0,0.0,0,140.7,0.0,374.8,58.0,31521.9,31646.5,0.1,0.5,103923.8,106732.8,114248.0,362.8,29319.2,ok
fs-watcher,huorong,Huorong Internet Security,5.0.0.0,baseline-os,5,5,4,4,3862.5,3864.0,3865.0,2201.0,0.0,0.0,0.0,0.0,0,0.2,0.1,32.7,28.7,75.2,75.3,0.4,0.9,730.7,795.6,982.7,487.6,63.2,ok
hardlink-create,huorong,Huorong Internet Security,5.0.0.0,baseline-os,5,5,4,4,2904.8,2919.0,2929.0,1246.0,0.0,0.0,0.0,0.0,0,0.0,0.0,2.8,9.2,130.4,131.2,1.8,0.8,565.6,867.8,910.2,331.6,161.7,ok
junction-create,huorong,Huorong Internet Security,5.0.0.0,baseline-os,5,5,4,4,838.5,842.5,856.0,581.0,0.0,0.0,0.0,0.0,0,0.0,0.0,0.0,2.5,40.0,42.2,1.2,1.5,407.4,459.8,544.4,346.8,32.6,ok
mem-alloc-protect,huorong,Huorong Internet Security,5.0.0.0,baseline-os,5,5,4,4,160.8,162.0,163.0,169.0,0.0,0.0,0.0,0.0,0,0.0,0.0,0.0,0.0,-3.9,-3.3,2.7,1.5,2.9,4.2,6.0,5.5,-24.5,anomaly
mem-map-file,huorong,Huorong Internet Security,5.0.0.0,baseline-os,5,5,4,4,4151.8,4146.0,4066.0,3931.0,0.0,0.0,0.0,0.0,0,0.2,0.1,103.9,101.5,12.7,10.6,1.4,7.2,393.6,584.4,926.6,510.2,14.5,ok
net-connect-loopback,huorong,Huorong Internet Security,5.0.0.0,baseline-os,5,5,4,4,647.0,650.0,655.0,577.0,0.0,0.0,0.0,0.0,0,0.9,0.2,0.0,0.0,13.6,14.5,1.6,1.2,307.8,414.0,613.4,359.0,15.3,ok
net-dns-resolve,huorong,Huorong Internet Security,5.0.0.0,baseline-os,5,5,4,4,1108.5,1111.5,1133.0,968.0,0.0,0.0,0.0,0.0,0,0.4,0.0,0.0,0.0,16.0,18.3,1.2,1.4,222.5,245.4,268.3,209.8,17.0,ok
new-exe-run,huorong,Huorong Internet Security,5.0.0.0,baseline-os,5,5,4,4,2582.2,2581.5,2586.0,1914.0,0.0,0.0,0.0,0.0,0,1.0,0.0,14.5,11.9,34.0,34.3,0.7,1.0,50460.7,54731.2,87148.6,40410.0,35.4,ok
new-exe-run-motw,huorong,Huorong Internet Security,5.0.0.0,baseline-os,5,5,4,4,2542.2,2550.5,2572.0,1950.0,0.0,0.0,0.0,0.0,0,0.4,0.1,13.1,12.1,32.1,33.2,0.6,0.7,50157.6,53914.2,65893.6,40985.9,31.5,ok
pipe-roundtrip,huorong,Huorong Internet Security,5.0.0.0,baseline-os,5,5,4,4,158.2,159.0,156.0,132.0,0.0,0.0,0.0,0.0,0,1.4,0.3,0.0,0.0,8.9,6.8,1.3,4.4,63.4,119.2,216.0,116.0,2.8,ok
process-create-wait,huorong,Huorong Internet Security,5.0.0.0,baseline-os,5,5,4,4,18242.2,18280.5,18346.0,13290.0,0.0,0.0,0.0,0.0,0,1.5,0.1,100.3,1.7,36.4,36.9,0.8,0.4,36145.6,38585.6,40090.3,28754.1,34.2,ok
registry-crud,huorong,Huorong Internet Security,5.0.0.0,baseline-os,5,5,4,4,808.0,807.5,811.0,459.0,0.0,0.0,0.0,0.0,0,0.0,0.1,0.0,0.0,77.3,78.0,1.1,4.1,151.8,208.6,247.6,120.2,73.5,ok
ripgrep-clean-build,huorong,Huorong Internet Security,5.0.0.0,baseline-os,5,5,4,4,16733.5,16748.5,16897.0,14934.0,170960.2,4.5,3.9,0.6,2173,376.1,195.3,74.9,76.0,11.7,12.7,0.6,0.3,,,,,,ok
ripgrep-incremental-build,huorong,Huorong Internet Security,5.0.0.0,baseline-os,5,5,4,4,6091.5,6073.0,6027.0,6078.0,33135.5,2.8,2.1,0.7,473,0.0,0.0,35.4,19.4,3.2,2.4,1.0,0.5,,,,,,ok
roslyn-clean-build,huorong,Huorong Internet Security,5.0.0.0,baseline-os,5,5,4,4,219141.8,219804.0,211433.0,216530.0,3436983.2,11.2,9.0,2.2,9104,5220.3,9876.2,30829.1,30580.6,6.6,2.6,0.6,2.0,,,,,,ok
roslyn-incremental-build,huorong,Huorong Internet Security,5.0.0.0,baseline-os,5,5,4,4,63673.0,63939.0,64900.0,63913.0,881429.0,16.9,15.2,1.7,5151,541.5,133.1,1539.5,1199.1,7.9,9.5,2.1,3.2,,,,,,ok
thread-create,huorong,Huorong Internet Security,5.0.0.0,baseline-os,5,5,4,4,1183.5,1181.5,1175.0,1202.0,0.0,0.0,0.0,0.0,0,0.0,0.1,0.0,0.0,0.8,0.3,1.8,0.8,221.2,318.0,551.9,318.0,-0.0,ok
token-query,huorong,Huorong Internet Security,5.0.0.0,baseline-os,5,5,4,4,55.0,55.0,56.0,58.0,0.0,0.0,0.0,0.0,0,0.0,0.0,0.0,0.0,-0.9,0.9,0.0,0.9,1.0,1.3,1.6,1.4,-3.7,anomaly
wmi-query,huorong,Huorong Internet Security,5.0.0.0,baseline-os,5,5,4,4,21649.5,21802.5,21357.0,13783.0,0.0,0.0,0.0,0.0,0,0.2,0.4,0.3,0.3,55.8,52.6,2.4,23.8,43398.4,46054.7,47025.8,30679.2,50.1,noisy
archive-extract,kaspersky,Kaspersky,21.0.0.1,baseline-os,5,5,4,4,15204.0,15159.0,14790.0,13023.0,0.0,0.0,0.0,0.0,0,30.0,0.0,259.2,251.2,16.1,13.2,2.1,2.2,1429256.7,2103811.5,2103811.5,1446638.5,45.4,ok
com-create-instance,kaspersky,Kaspersky,21.0.0.1,baseline-os,5,5,4,4,541.0,547.5,562.0,488.0,0.0,0.0,0.0,0.0,0,0.0,0.1,0.0,0.0,15.8,18.8,3.3,1.8,93.0,169.4,191.8,148.2,14.2,ok
crypto-hash-verify,kaspersky,Kaspersky,21.0.0.1,baseline-os,5,5,4,4,258.0,265.5,262.0,251.0,0.0,0.0,0.0,0.0,0,0.0,0.4,0.0,0.0,6.6,5.2,7.4,1.0,40.5,42.8,56.1,43.2,-0.9,ok
dll-load-unique,kaspersky,Kaspersky,21.0.0.1,baseline-os,5,5,4,4,56836.8,56629.5,56773.0,7859.0,0.0,0.0,0.0,0.0,0,33.0,1.9,3853.5,3829.6,606.3,608.1,0.8,1.1,28171.6,29966.2,30993.8,4627.8,547.5,ok
ext-sensitivity-dll,kaspersky,Kaspersky,21.0.0.1,baseline-os,5,5,4,4,3637.0,3640.5,3670.0,3008.0,0.0,0.0,0.0,0.0,0,0.1,0.0,41.9,44.5,20.2,21.2,0.9,1.4,352.8,407.7,662.6,332.6,22.6,ok
ext-sensitivity-exe,kaspersky,Kaspersky,21.0.0.1,baseline-os,5,5,4,4,3655.0,3642.0,3602.0,3008.0,0.0,0.0,0.0,0.0,0,3.9,0.0,64.4,42.5,20.5,19.2,1.0,1.0,353.4,411.8,676.0,327.8,25.7,ok
ext-sensitivity-js,kaspersky,Kaspersky,21.0.0.1,baseline-os,5,5,4,4,3863.8,3865.0,3808.0,3008.0,0.0,0.0,0.0,0.0,0,7.6,0.0,46.9,53.5,26.7,24.9,0.6,1.0,375.6,431.2,624.0,335.0,28.7,ok
ext-sensitivity-ps1,kaspersky,Kaspersky,21.0.0.1,baseline-os,5,5,4,4,3848.8,3861.0,3788.0,2986.0,0.0,0.0,0.0,0.0,0,23.2,0.0,38.5,52.1,29.5,27.1,0.9,1.0,375.5,436.3,630.2,329.5,32.4,ok
file-copy-large,kaspersky,Kaspersky,21.0.0.1,baseline-os,5,5,4,4,836.0,837.0,878.0,1004.0,0.0,0.0,0.0,0.0,0,0.1,0.1,0.0,100.1,-12.1,-7.8,0.4,1.4,35184.0,40874.4,40874.4,103532.1,-60.5,anomaly
file-create-delete,kaspersky,Kaspersky,21.0.0.1,baseline-os,5,5,4,4,2267.5,2258.5,2263.0,1490.0,0.0,0.0,0.0,0.0,0,0.5,0.1,28.9,11.3,53.1,53.4,1.1,2.0,423.1,620.9,960.8,321.5,93.1,ok
file-enum-large-dir,kaspersky,Kaspersky,21.0.0.1,baseline-os,5,5,4,4,2763.8,2782.5,2764.0,2364.0,0.0,0.0,0.0,0.0,0,0.0,0.1,68.4,58.6,15.9,15.1,1.4,0.3,2761.2,3552.7,4932.3,3270.0,8.6,ok
file-write-content,kaspersky,Kaspersky,21.0.0.1,baseline-os,5,5,4,4,4902.5,4922.5,4874.0,3289.0,0.0,0.0,0.0,0.0,0,0.0,0.0,68.3,58.0,49.1,47.7,1.8,0.5,452.5,646.1,970.0,362.8,78.1,ok
fs-watcher,kaspersky,Kaspersky,21.0.0.1,baseline-os,5,5,4,4,2728.2,2704.0,2686.0,2201.0,0.0,0.0,0.0,0.0,0,2.0,0.1,39.9,28.7,22.6,21.8,1.8,0.9,503.6,607.8,815.7,487.6,24.7,ok
hardlink-create,kaspersky,Kaspersky,21.0.0.1,baseline-os,5,5,4,4,3561.8,3565.0,3584.0,1246.0,0.0,0.0,0.0,0.0,0,0.0,0.0,9.4,9.2,181.4,182.9,0.7,0.8,680.3,963.7,1298.4,331.6,190.6,ok
junction-create,kaspersky,Kaspersky,21.0.0.1,baseline-os,5,5,4,4,1005.2,1010.0,1010.0,581.0,0.0,0.0,0.0,0.0,0,0.1,0.0,3.3,2.5,67.8,67.8,1.6,1.5,463.0,666.8,992.6,346.8,92.2,ok
mem-alloc-protect,kaspersky,Kaspersky,21.0.0.1,baseline-os,5,5,4,4,162.5,161.5,163.0,169.0,0.0,0.0,0.0,0.0,0,0.0,0.0,0.0,0.0,-4.2,-3.3,1.8,1.5,3.0,3.4,5.9,5.5,-39.1,anomaly
mem-map-file,kaspersky,Kaspersky,21.0.0.1,baseline-os,5,5,4,4,4985.8,5003.5,5076.0,3931.0,0.0,0.0,0.0,0.0,0,0.2,0.1,98.1,101.5,36.1,38.0,1.7,7.2,478.8,674.3,1032.9,510.2,32.2,ok
net-connect-loopback,kaspersky,Kaspersky,21.0.0.1,baseline-os,5,5,4,4,861.0,861.5,866.0,577.0,0.0,0.0,0.0,0.0,0,1.0,0.2,0.0,0.0,50.6,51.4,0.9,1.2,398.6,515.4,702.7,359.0,43.6,ok
net-dns-resolve,kaspersky,Kaspersky,21.0.0.1,baseline-os,5,5,4,4,1102.5,1102.5,1128.0,968.0,0.0,0.0,0.0,0.0,0,0.4,0.0,0.9,0.0,15.1,17.7,1.2,1.4,217.0,239.2,279.0,209.8,14.1,ok
new-exe-run,kaspersky,Kaspersky,21.0.0.1,baseline-os,5,5,4,4,18607.5,18564.5,18667.0,1914.0,0.0,0.0,0.0,0.0,0,3.6,0.0,16.1,11.9,863.9,869.2,1.0,1.0,366735.8,395954.3,402350.0,40410.0,879.8,ok
new-exe-run-motw,kaspersky,Kaspersky,21.0.0.1,baseline-os,5,5,4,4,5219.0,5189.5,5096.0,1950.0,0.0,0.0,0.0,0.0,0,0.0,0.1,13.1,12.1,168.8,164.0,1.4,0.7,101974.1,109203.5,144447.8,40985.9,166.4,ok
pipe-roundtrip,kaspersky,Kaspersky,21.0.0.1,baseline-os,5,5,4,4,151.2,152.5,139.0,132.0,0.0,0.0,0.0,0.0,0,0.4,0.3,0.0,0.0,4.5,-4.8,7.6,4.4,58.6,85.8,166.0,116.0,-26.0,ok
process-create-wait,kaspersky,Kaspersky,21.0.0.1,baseline-os,5,5,4,4,27680.0,27697.5,27574.0,13290.0,0.0,0.0,0.0,0.0,0,0.8,0.1,100.4,1.7,106.6,105.7,0.8,0.4,54922.0,58496.8,61444.9,28754.1,103.4,ok
registry-crud,kaspersky,Kaspersky,21.0.0.1,baseline-os,5,5,4,4,754.2,744.5,789.0,459.0,0.0,0.0,0.0,0.0,0,0.0,0.1,5.1,0.0,63.4,73.2,3.9,4.1,138.8,190.0,248.4,120.2,58.1,ok
ripgrep-clean-build,kaspersky,Kaspersky,21.0.0.1,baseline-os,5,5,4,4,17391.5,17125.0,17053.0,14934.0,162624.0,4.2,3.9,0.3,2115,336.8,195.3,69.9,76.0,14.2,13.7,3.0,0.3,,,,,,ok
ripgrep-incremental-build,kaspersky,Kaspersky,21.0.0.1,baseline-os,5,5,4,4,6179.0,6183.0,6103.0,6078.0,33546.0,2.1,2.1,0.0,475,0.5,0.0,25.0,19.4,5.0,3.7,1.2,0.5,,,,,,ok
roslyn-clean-build,kaspersky,Kaspersky,21.0.0.1,baseline-os,5,5,4,4,249683.8,243186.0,274613.0,216530.0,3307975.8,10.1,9.0,1.2,8779,5042.5,9876.2,30691.2,30580.6,18.0,33.2,5.3,2.0,,,,,,ok
roslyn-incremental-build,kaspersky,Kaspersky,21.0.0.1,baseline-os,5,5,4,4,65881.0,66107.5,70954.0,63913.0,870131.8,16.3,15.2,1.1,5180,1237.3,133.1,1246.9,1199.1,11.6,19.7,2.2,3.2,,,,,,ok
thread-create,kaspersky,Kaspersky,21.0.0.1,baseline-os,5,5,4,4,2941.2,2940.5,2859.0,1202.0,0.0,0.0,0.0,0.0,0,0.0,0.1,0.0,0.0,150.9,143.9,3.3,0.8,554.2,790.0,976.4,318.0,148.4,ok
token-query,kaspersky,Kaspersky,21.0.0.1,baseline-os,5,5,4,4,56.2,56.5,58.0,58.0,0.0,0.0,0.0,0.0,0,0.0,0.0,0.0,0.0,1.8,4.5,1.5,0.9,1.0,1.3,1.5,1.4,-3.7,ok
wmi-query,kaspersky,Kaspersky,21.0.0.1,baseline-os,5,5,4,4,7669.8,7946.5,8731.0,13783.0,0.0,0.0,0.0,0.0,0,3.3,0.4,0.4,0.3,-43.2,-37.6,12.3,23.8,15900.2,17766.5,18720.6,30679.2,-42.1,anomaly
archive-extract,malwarebytes,Malwarebytes,3.1.0.246,baseline-os,5,5,2,4,40760.0,40760.0,40437.0,13023.0,0.0,0.0,0.0,0.0,0,157.9,0.0,785.8,251.2,212.1,209.6,0.8,2.2,4034515.4,4312230.2,4312230.2,1446638.5,198.1,failed
com-create-instance,malwarebytes,Malwarebytes,3.1.0.246,baseline-os,5,5,4,4,873.2,873.0,869.0,488.0,0.0,0.0,0.0,0.0,0,1.4,0.1,1.0,0.0,84.6,83.7,1.5,1.8,157.0,238.9,263.4,148.2,61.1,ok
crypto-hash-verify,malwarebytes,Malwarebytes,3.1.0.246,baseline-os,5,5,4,4,249.5,249.0,258.0,251.0,0.0,0.0,0.0,0.0,0,0.7,0.4,1.0,0.0,0.0,3.6,2.7,1.0,40.5,42.4,59.0,43.2,-2.0,ok
dll-load-unique,malwarebytes,Malwarebytes,3.1.0.246,baseline-os,5,5,4,4,132680.0,132613.5,132490.0,7859.0,0.0,0.0,0.0,0.0,0,517.3,1.9,3862.8,3829.6,1553.9,1552.4,0.3,1.1,66048.8,69346.6,71928.3,4627.8,1398.5,ok
ext-sensitivity-dll,malwarebytes,Malwarebytes,3.1.0.246,baseline-os,5,5,4,4,16065.5,16010.5,15978.0,3008.0,0.0,0.0,0.0,0.0,0,63.8,0.0,220.0,44.5,428.7,427.6,1.2,1.4,1507.3,2069.2,3106.0,332.6,522.0,ok
ext-sensitivity-exe,malwarebytes,Malwarebytes,3.1.0.246,baseline-os,5,5,4,4,16316.2,16432.5,16172.0,3008.0,0.0,0.0,0.0,0.0,0,53.3,0.0,222.1,42.5,443.7,435.1,1.4,1.0,1524.7,2078.9,3193.0,327.8,534.3,ok
ext-sensitivity-js,malwarebytes,Malwarebytes,3.1.0.246,baseline-os,5,5,4,4,20852.0,20885.0,21087.0,3008.0,0.0,0.0,0.0,0.0,0,133.5,0.0,229.0,53.5,584.8,591.4,0.5,1.0,1981.3,2565.4,3541.8,335.0,665.9,ok
ext-sensitivity-ps1,malwarebytes,Malwarebytes,3.1.0.246,baseline-os,5,5,4,4,15979.2,15988.5,16161.0,2986.0,0.0,0.0,0.0,0.0,0,79.9,0.0,218.8,52.1,436.3,442.0,0.5,1.0,1501.1,2059.0,3065.4,329.5,524.9,ok
file-copy-large,malwarebytes,Malwarebytes,3.1.0.246,baseline-os,5,5,4,4,865.0,844.0,852.0,1004.0,0.0,0.0,0.0,0.0,0,1.7,0.1,3.0,100.1,-11.3,-10.5,4.4,1.4,37255.2,40407.8,40407.8,103532.1,-61.0,anomaly
file-create-delete,malwarebytes,Malwarebytes,3.1.0.246,baseline-os,5,5,4,4,5242.2,5244.0,5209.0,1490.0,0.0,0.0,0.0,0.0,0,6.7,0.1,26.1,11.3,255.4,253.0,2.0,2.0,952.4,1614.3,2369.9,321.5,402.0,ok
file-enum-large-dir,malwarebytes,Malwarebytes,3.1.0.246,baseline-os,5,5,4,4,8975.2,8968.5,9989.0,2364.0,0.0,0.0,0.0,0.0,0,23.7,0.1,98.1,58.6,273.5,315.9,1.4,0.3,30481.8,34030.1,83310.8,3270.0,940.7,ok
file-write-content,malwarebytes,Malwarebytes,3.1.0.246,baseline-os,5,5,4,4,19600.8,19539.5,19787.0,3289.0,0.0,0.0,0.0,0.0,0,271.9,0.0,252.8,58.0,492.0,499.5,0.8,0.5,1839.7,2435.0,2881.0,362.8,571.2,ok
fs-watcher,malwarebytes,Malwarebytes,3.1.0.246,baseline-os,5,5,4,4,6481.0,6482.0,6416.0,2201.0,0.0,0.0,0.0,0.0,0,16.4,0.1,42.1,28.7,194.0,191.0,1.4,0.9,1169.9,1675.4,2166.9,487.6,243.6,ok
hardlink-create,malwarebytes,Malwarebytes,3.1.0.246,baseline-os,5,5,4,4,2590.2,2598.0,2625.0,1246.0,0.0,0.0,0.0,0.0,0,12.7,0.0,0.6,9.2,105.1,107.2,1.2,0.8,500.0,635.6,1018.8,331.6,91.6,ok
junction-create,malwarebytes,Malwarebytes,3.1.0.246,baseline-os,5,5,4,4,1104.2,1082.5,1067.0,581.0,0.0,0.0,0.0,0.0,0,4.3,0.0,6.9,2.5,79.8,77.2,4.6,1.5,511.6,680.8,1126.8,346.8,96.3,ok
mem-alloc-protect,malwarebytes,Malwarebytes,3.1.0.246,baseline-os,5,5,4,4,163.8,164.0,165.0,169.0,0.0,0.0,0.0,0.0,0,0.0,0.0,0.0,0.0,-2.7,-2.1,0.8,1.5,3.0,3.2,4.0,5.5,-41.8,anomaly
mem-map-file,malwarebytes,Malwarebytes,3.1.0.246,baseline-os,5,5,4,4,8041.2,8142.5,8084.0,3931.0,0.0,0.0,0.0,0.0,0,45.2,0.1,120.7,101.5,121.4,119.8,2.9,7.2,778.4,1072.9,1394.1,510.2,110.3,ok
net-connect-loopback,malwarebytes,Malwarebytes,3.1.0.246,baseline-os,5,5,4,4,745.2,745.0,727.0,577.0,0.0,0.0,0.0,0.0,0,1.7,0.2,1.0,0.0,30.2,27.1,1.2,1.2,330.2,431.2,661.8,359.0,20.1,ok
net-dns-resolve,malwarebytes,Malwarebytes,3.1.0.246,baseline-os,5,5,4,4,1421.8,1418.0,1407.0,968.0,0.0,0.0,0.0,0.0,0,3.9,0.0,1.5,0.0,48.0,46.9,1.9,1.4,279.6,308.2,339.8,209.8,46.9,ok
new-exe-run,malwarebytes,Malwarebytes,3.1.0.246,baseline-os,5,5,4,4,14890.5,14918.5,15617.0,1914.0,0.0,0.0,0.0,0.0,0,53.6,0.0,25.0,11.9,674.6,710.9,1.3,1.0,290099.6,308096.4,680671.2,40410.0,662.4,ok
new-exe-run-motw,malwarebytes,Malwarebytes,3.1.0.246,baseline-os,5,5,4,4,5087.2,5120.0,4995.0,1950.0,0.0,0.0,0.0,0.0,0,18.8,0.1,21.9,12.1,165.2,158.7,1.6,0.7,103299.4,113943.8,115795.6,40985.9,178.0,ok
pipe-roundtrip,malwarebytes,Malwarebytes,3.1.0.246,baseline-os,5,5,4,4,156.5,153.5,151.0,132.0,0.0,0.0,0.0,0.0,0,0.7,0.3,0.0,0.0,5.1,3.4,3.5,4.4,49.2,67.8,140.6,116.0,-41.6,ok
process-create-wait,malwarebytes,Malwarebytes,3.1.0.246,baseline-os,5,5,4,4,22477.8,22529.0,22277.0,13290.0,0.0,0.0,0.0,0.0,0,70.4,0.1,95.1,1.7,68.1,66.2,0.9,0.4,43729.4,48188.6,52692.6,28754.1,67.6,ok
registry-crud,malwarebytes,Malwarebytes,3.1.0.246,baseline-os,5,5,4,4,1054.8,1058.5,1075.0,459.0,0.0,0.0,0.0,0.0,0,3.8,0.1,3.7,0.0,132.4,136.0,2.4,4.1,204.3,248.8,277.4,120.2,107.0,ok
ripgrep-clean-build,malwarebytes,Malwarebytes,3.1.0.246,baseline-os,5,5,4,4,16616.0,16585.0,17105.0,14934.0,164159.0,4.6,3.9,0.7,2185,349.9,195.3,79.6,76.0,10.6,14.1,0.4,0.3,,,,,,ok
ripgrep-incremental-build,malwarebytes,Malwarebytes,3.1.0.246,baseline-os,5,5,4,4,6044.0,6050.5,6083.0,6078.0,32698.5,2.9,2.1,0.8,480,9.7,0.0,26.1,19.4,2.8,3.3,0.2,0.5,,,,,,ok
roslyn-clean-build,malwarebytes,Malwarebytes,3.1.0.246,baseline-os,5,5,4,4,227275.8,227739.5,223921.0,216530.0,3233971.8,10.1,9.0,1.1,9473,3124.7,9876.2,30631.1,30580.6,10.5,8.6,0.9,2.0,,,,,,ok
roslyn-incremental-build,malwarebytes,Malwarebytes,3.1.0.246,baseline-os,5,5,4,4,62477.2,62252.0,61500.0,63913.0,861506.8,16.0,15.2,0.8,5056,255.5,133.1,1221.7,1199.1,5.0,3.8,3.2,3.2,,,,,,ok
thread-create,malwarebytes,Malwarebytes,3.1.0.246,baseline-os,5,5,4,4,1801.5,1805.5,1852.0,1202.0,0.0,0.0,0.0,0.0,0,12.2,0.1,4.4,0.0,54.1,58.0,3.6,0.8,341.8,525.9,657.2,318.0,65.4,ok
token-query,malwarebytes,Malwarebytes,3.1.0.246,baseline-os,5,5,4,4,56.2,56.0,56.0,58.0,0.0,0.0,0.0,0.0,0,0.0,0.0,0.0,0.0,0.9,0.9,2.3,0.9,1.0,1.4,2.2,1.4,3.7,ok
wmi-query,malwarebytes,Malwarebytes,3.1.0.246,baseline-os,5,5,4,4,7900.5,7777.5,9831.0,13783.0,0.0,0.0,0.0,0.0,0,12.5,0.4,0.8,0.3,-44.4,-29.8,19.4,23.8,15208.0,18427.4,19768.6,30679.2,-39.9,anomaly
archive-extract,mcafee,McAfee,16.100.0 0,baseline-os,5,5,4,4,13466.0,13493.5,13392.0,13023.0,0.0,0.0,0.0,0.0,0,45.1,0.0,268.4,251.2,3.3,2.5,1.5,2.2,1312755.1,1497372.2,1497372.2,1446638.5,3.5,ok
com-create-instance,mcafee,McAfee,16.100.0 0,baseline-os,5,5,4,4,569.8,570.0,499.0,488.0,0.0,0.0,0.0,0.0,0,0.2,0.1,0.0,0.0,20.5,5.5,0.7,1.8,91.0,162.4,189.9,148.2,9.5,ok
crypto-hash-verify,mcafee,McAfee,16.100.0 0,baseline-os,5,5,4,4,271.0,267.0,238.0,251.0,0.0,0.0,0.0,0.0,0,0.1,0.4,0.0,0.0,7.2,-4.4,7.8,1.0,40.4,42.2,56.8,43.2,-2.5,ok
dll-load-unique,mcafee,McAfee,16.100.0 0,baseline-os,5,5,4,4,48133.2,48067.5,48343.0,7859.0,0.0,0.0,0.0,0.0,0,64.8,1.9,3890.1,3829.6,499.5,502.9,0.4,1.1,23791.6,26413.4,28852.0,4627.8,470.8,ok
ext-sensitivity-dll,mcafee,McAfee,16.100.0 0,baseline-os,5,5,4,4,3135.2,3120.0,3152.0,3008.0,0.0,0.0,0.0,0.0,0,0.0,0.0,53.7,44.5,3.0,4.1,2.6,1.4,301.0,345.5,507.6,332.6,3.9,ok
ext-sensitivity-exe,mcafee,McAfee,16.100.0 0,baseline-os,5,5,4,4,3135.5,3110.0,3181.0,3008.0,0.0,0.0,0.0,0.0,0,0.0,0.0,47.5,42.5,2.9,5.2,2.8,1.0,304.5,345.6,503.4,327.8,5.5,ok
ext-sensitivity-js,mcafee,McAfee,16.100.0 0,baseline-os,5,5,4,4,3129.5,3115.0,3074.0,3008.0,0.0,0.0,0.0,0.0,0,17.0,0.0,46.7,53.5,2.1,0.8,2.8,1.0,301.2,364.2,644.0,335.0,8.7,ok
ext-sensitivity-ps1,mcafee,McAfee,16.100.0 0,baseline-os,5,5,4,4,3115.0,3129.5,2997.0,2986.0,0.0,0.0,0.0,0.0,0,0.0,0.0,54.4,52.1,5.0,0.5,3.8,1.0,295.6,354.0,571.8,329.5,7.5,ok
file-copy-large,mcafee,McAfee,16.100.0 0,baseline-os,5,5,4,4,823.0,813.0,801.0,1004.0,0.0,0.0,0.0,0.0,0,0.0,0.1,0.0,100.1,-14.6,-15.9,2.7,1.4,35448.0,41063.6,41063.6,103532.1,-60.3,anomaly
file-create-delete,mcafee,McAfee,16.100.0 0,baseline-os,5,5,4,4,1573.2,1572.5,1584.0,1490.0,0.0,0.0,0.0,0.0,0,0.0,0.1,18.0,11.3,6.6,7.4,0.6,2.0,302.2,351.1,565.9,321.5,9.2,ok
file-enum-large-dir,mcafee,McAfee,16.100.0 0,baseline-os,5,5,4,4,2445.5,2431.5,2516.0,2364.0,0.0,0.0,0.0,0.0,0,0.1,0.1,54.2,58.6,1.2,4.8,1.9,0.3,2793.8,3328.8,4637.8,3270.0,1.8,ok
file-write-content,mcafee,McAfee,16.100.0 0,baseline-os,5,5,4,4,3332.5,3352.0,3336.0,3289.0,0.0,0.0,0.0,0.0,0,0.0,0.0,53.0,58.0,1.6,1.1,1.4,0.5,321.4,364.0,511.4,362.8,0.3,ok
fs-watcher,mcafee,McAfee,16.100.0 0,baseline-os,5,5,4,4,2358.2,2365.0,2406.0,2201.0,0.0,0.0,0.0,0.0,0,0.1,0.1,20.4,28.7,7.3,9.1,0.9,0.9,446.4,518.9,638.8,487.6,6.4,ok
hardlink-create,mcafee,McAfee,16.100.0 0,baseline-os,5,5,4,4,1502.8,1502.0,1497.0,1246.0,0.0,0.0,0.0,0.0,0,0.0,0.0,5.8,9.2,18.5,18.2,1.4,0.8,288.7,404.9,439.2,331.6,22.1,ok
junction-create,mcafee,McAfee,16.100.0 0,baseline-os,5,5,4,4,605.8,607.0,610.0,581.0,0.0,0.0,0.0,0.0,0,0.0,0.0,0.0,2.5,0.8,1.3,1.4,1.5,290.7,343.9,595.6,346.8,-0.9,ok
mem-alloc-protect,mcafee,McAfee,16.100.0 0,baseline-os,5,5,4,4,156.2,156.5,156.0,169.0,0.0,0.0,0.0,0.0,0,0.0,0.0,0.0,0.0,-7.1,-7.4,2.3,1.5,2.8,3.2,6.4,5.5,-42.7,anomaly
mem-map-file,mcafee,McAfee,16.100.0 0,baseline-os,5,5,4,4,3959.2,3955.0,3839.0,3931.0,0.0,0.0,0.0,0.0,0,0.1,0.1,103.1,101.5,7.5,4.4,0.7,7.2,363.2,576.0,936.8,510.2,12.9,ok
net-connect-loopback,mcafee,McAfee,16.100.0 0,baseline-os,5,5,4,4,639.0,638.5,653.0,577.0,0.0,0.0,0.0,0.0,0,1.1,0.2,0.2,0.0,11.6,14.2,2.8,1.2,266.6,404.2,598.2,359.0,12.6,ok
net-dns-resolve,mcafee,McAfee,16.100.0 0,baseline-os,5,5,4,4,1021.0,1030.5,957.0,968.0,0.0,0.0,0.0,0.0,0,0.5,0.0,0.1,0.0,7.6,-0.1,2.3,1.4,203.8,221.2,240.8,209.8,5.5,ok
new-exe-run,mcafee,McAfee,16.100.0 0,baseline-os,5,5,4,4,55027.5,55190.5,56003.0,1914.0,0.0,0.0,0.0,0.0,0,1.9,0.0,23.3,11.9,2765.6,2807.7,1.6,1.0,1047874.0,1131717.2,3125227.0,40410.0,2700.6,ok
new-exe-run-motw,mcafee,McAfee,16.100.0 0,baseline-os,5,5,4,4,48393.5,48049.0,46143.0,1950.0,0.0,0.0,0.0,0.0,0,35.8,0.1,34.3,12.1,2388.9,2290.2,1.3,0.7,957389.2,1025143.2,1088606.2,40985.9,2401.2,ok
pipe-roundtrip,mcafee,McAfee,16.100.0 0,baseline-os,5,5,4,4,150.5,145.0,172.0,132.0,0.0,0.0,0.0,0.0,0,0.4,0.3,0.1,0.0,-0.7,17.8,9.8,4.4,49.1,64.9,153.6,116.0,-44.0,anomaly
process-create-wait,mcafee,McAfee,16.100.0 0,baseline-os,5,5,4,4,22012.2,22097.0,21288.0,13290.0,0.0,0.0,0.0,0.0,0,24.7,0.1,127.0,1.7,64.8,58.8,1.2,0.4,38366.0,42857.9,48768.4,28754.1,49.0,ok
registry-crud,mcafee,McAfee,16.100.0 0,baseline-os,5,5,4,4,556.0,554.0,520.0,459.0,0.0,0.0,0.0,0.0,0,0.0,0.1,0.0,0.0,21.6,14.2,1.0,4.1,103.2,143.2,171.5,120.2,19.2,ok
ripgrep-clean-build,mcafee,McAfee,16.100.0 0,baseline-os,5,5,4,4,38781.5,41367.0,54218.0,14934.0,159190.5,4.1,3.9,0.2,2124,368.5,195.3,109.6,76.0,175.9,261.6,14.0,0.3,,,,,,noisy
ripgrep-incremental-build,mcafee,McAfee,16.100.0 0,baseline-os,5,5,4,4,6056.5,5972.5,5979.0,6078.0,32987.2,2.3,2.1,0.2,478,0.0,0.0,25.2,19.4,1.5,1.6,2.6,0.5,,,,,,ok
roslyn-clean-build,mcafee,McAfee,16.100.0 0,baseline-os,5,5,4,4,218036.5,218822.5,214531.0,216530.0,3272257.0,9.5,9.0,0.5,8793,2884.3,9876.2,30623.8,30580.6,6.2,4.1,3.2,2.0,,,,,,ok
roslyn-incremental-build,mcafee,McAfee,16.100.0 0,baseline-os,5,5,4,4,60411.8,60034.0,60289.0,63913.0,895608.8,15.8,15.2,0.6,5110,129.4,133.1,1195.0,1199.1,1.3,1.7,2.1,3.2,,,,,,ok
thread-create,mcafee,McAfee,16.100.0 0,baseline-os,5,5,4,4,1218.5,1220.5,1225.0,1202.0,0.0,0.0,0.0,0.0,0,0.0,0.1,0.0,0.0,4.1,4.5,1.2,0.8,221.4,392.8,731.0,318.0,23.5,ok
token-query,mcafee,McAfee,16.100.0 0,baseline-os,5,5,4,4,56.0,56.0,53.0,58.0,0.0,0.0,0.0,0.0,0,0.0,0.0,0.0,0.0,0.9,-4.5,1.3,0.9,1.0,1.4,1.7,1.4,0.0,ok
wmi-query,mcafee,McAfee,16.100.0 0,baseline-os,5,5,4,4,7890.5,7589.5,6213.0,13783.0,0.0,0.0,0.0,0.0,0,1.4,0.4,1.4,0.3,-45.8,-55.6,16.9,23.8,15003.2,17204.0,18329.8,30679.2,-43.9,anomaly
archive-extract,ms-defender,Windows Defender,4.18.2201.11,baseline-os,5,5,4,4,20108.0,20029.5,20392.0,13023.0,0.0,0.0,0.0,0.0,0,49.4,0.0,265.2,251.2,53.3,56.1,0.9,2.2,1907355.8,2869529.4,2869529.4,1446638.5,98.4,ok
com-create-instance,ms-defender,Windows Defender,4.18.2201.11,baseline-os,5,5,4,4,550.0,550.0,552.0,488.0,0.0,0.0,0.0,0.0,0,0.1,0.1,0.0,0.0,16.3,16.7,1.2,1.8,92.2,165.5,189.8,148.2,11.6,ok
crypto-hash-verify,ms-defender,Windows Defender,4.18.2201.11,baseline-os,5,5,4,4,257.8,257.5,264.0,251.0,0.0,0.0,0.0,0.0,0,0.5,0.4,0.0,0.0,3.4,6.0,2.1,1.0,40.5,44.1,61.4,43.2,2.0,ok
dll-load-unique,ms-defender,Windows Defender,4.18.2201.11,baseline-os,5,5,4,4,55823.2,55851.5,56260.0,7859.0,0.0,0.0,0.0,0.0,0,2.9,1.9,3843.5,3829.6,596.6,601.7,0.5,1.1,27810.1,29475.4,30355.8,4627.8,536.9,ok
ext-sensitivity-dll,ms-defender,Windows Defender,4.18.2201.11,baseline-os,5,5,4,4,4401.8,4399.5,4353.0,3008.0,0.0,0.0,0.0,0.0,0,0.0,0.0,59.7,44.5,45.3,43.7,0.8,1.4,430.8,470.2,544.7,332.6,41.3,ok
ext-sensitivity-exe,ms-defender,Windows Defender,4.18.2201.11,baseline-os,5,5,4,4,4451.0,4451.0,4453.0,3008.0,0.0,0.0,0.0,0.0,0,0.0,0.0,56.2,42.5,47.3,47.3,0.8,1.0,436.6,480.6,541.4,327.8,46.6,ok
ext-sensitivity-js,ms-defender,Windows Defender,4.18.2201.11,baseline-os,5,5,4,4,4374.8,4365.5,4360.0,3008.0,0.0,0.0,0.0,0.0,0,0.0,0.0,52.8,53.5,43.1,43.0,0.6,1.0,428.6,468.6,511.4,335.0,39.9,ok
ext-sensitivity-ps1,ms-defender,Windows Defender,4.18.2201.11,baseline-os,5,5,4,4,4403.2,4394.5,4389.0,2986.0,0.0,0.0,0.0,0.0,0,0.0,0.0,59.5,52.1,47.4,47.2,0.5,1.0,430.6,474.8,572.2,329.5,44.1,ok
file-copy-large,ms-defender,Windows Defender,4.18.2201.11,baseline-os,5,5,4,4,881.2,880.0,890.0,1004.0,0.0,0.0,0.0,0.0,0,0.0,0.1,101.0,100.1,-7.6,-6.5,1.3,1.4,35366.8,83788.4,83788.4,103532.1,-19.1,anomaly
file-create-delete,ms-defender,Windows Defender,4.18.2201.11,baseline-os,5,5,4,4,2258.5,2256.5,2215.0,1490.0,0.0,0.0,0.0,0.0,0,1.0,0.1,30.4,11.3,52.9,50.1,1.0,2.0,431.6,507.2,742.6,321.5,57.7,ok
file-enum-large-dir,ms-defender,Windows Defender,4.18.2201.11,baseline-os,5,5,4,4,5268.5,5262.5,5200.0,2364.0,0.0,0.0,0.0,0.0,0,14.1,0.1,62.1,58.6,119.1,116.5,0.5,0.3,5604.2,6783.7,8955.5,3270.0,107.5,ok
file-write-content,ms-defender,Windows Defender,4.18.2201.11,baseline-os,5,5,4,4,4712.0,4714.5,4655.0,3289.0,0.0,0.0,0.0,0.0,0,0.6,0.0,66.9,58.0,42.8,41.0,0.4,0.5,459.2,508.4,586.5,362.8,40.1,ok
fs-watcher,ms-defender,Windows Defender,4.18.2201.11,baseline-os,5,5,4,4,3523.8,3519.0,3467.0,2201.0,0.0,0.0,0.0,0.0,0,0.1,0.1,41.9,28.7,59.6,57.2,1.8,0.9,658.2,719.8,831.1,487.6,47.6,ok
hardlink-create,ms-defender,Windows Defender,4.18.2201.11,baseline-os,5,5,4,4,1873.0,1873.5,1727.0,1246.0,0.0,0.0,0.0,0.0,0,0.0,0.0,9.3,9.2,47.9,36.3,7.3,0.8,368.2,467.8,499.8,331.6,41.0,ok
junction-create,ms-defender,Windows Defender,4.18.2201.11,baseline-os,5,5,4,4,726.2,726.0,717.0,581.0,0.0,0.0,0.0,0.0,0,0.0,0.0,3.4,2.5,20.6,19.1,0.5,1.5,347.6,401.1,479.8,346.8,15.6,ok
mem-alloc-protect,ms-defender,Windows Defender,4.18.2201.11,baseline-os,5,5,4,4,196.2,196.5,202.0,169.0,0.0,0.0,0.0,0.0,0,0.0,0.0,0.1,0.0,16.6,19.9,2.2,1.5,3.4,5.8,9.4,5.5,4.5,ok
mem-map-file,ms-defender,Windows Defender,4.18.2201.11,baseline-os,5,5,4,4,8873.0,8831.5,8795.0,3931.0,0.0,0.0,0.0,0.0,0,0.1,0.1,103.6,101.5,140.1,139.2,1.3,7.2,826.8,1235.3,1813.2,510.2,142.1,ok
net-connect-loopback,ms-defender,Windows Defender,4.18.2201.11,baseline-os,5,5,4,4,598.2,598.5,589.0,577.0,0.0,0.0,0.0,0.0,0,0.6,0.2,0.1,0.0,4.6,3.0,0.5,1.2,276.8,372.2,536.2,359.0,3.7,ok
net-dns-resolve,ms-defender,Windows Defender,4.18.2201.11,baseline-os,5,5,4,4,1057.5,1059.0,1034.0,968.0,0.0,0.0,0.0,0.0,0,0.0,0.0,0.0,0.0,10.5,7.9,1.0,1.4,211.1,231.7,250.5,209.8,10.5,ok
new-exe-run,ms-defender,Windows Defender,4.18.2201.11,baseline-os,5,5,4,4,5193.8,5149.0,5423.0,1914.0,0.0,0.0,0.0,0.0,0,7.6,0.0,12.5,11.9,167.3,181.6,2.5,1.0,101679.0,109208.0,122024.0,40410.0,170.2,ok
new-exe-run-motw,ms-defender,Windows Defender,4.18.2201.11,baseline-os,5,5,4,4,60832.0,60074.0,89210.0,1950.0,0.0,0.0,0.0,0.0,0,92.9,0.1,152.1,12.1,3011.8,4521.1,8.9,0.7,1029316.2,1706765.9,3906663.4,40985.9,4064.3,ok
pipe-roundtrip,ms-defender,Windows Defender,4.18.2201.11,baseline-os,5,5,4,4,148.0,147.5,128.0,132.0,0.0,0.0,0.0,0.0,0,0.5,0.3,0.0,0.0,1.0,-12.3,9.2,4.4,59.1,93.0,166.1,116.0,-19.9,ok
process-create-wait,ms-defender,Windows Defender,4.18.2201.11,baseline-os,5,5,4,4,15914.8,15958.0,15969.0,13290.0,0.0,0.0,0.0,0.0,0,0.6,0.1,0.4,1.7,19.0,19.1,0.8,0.4,31324.6,34117.2,37374.6,28754.1,18.7,ok
registry-crud,ms-defender,Windows Defender,4.18.2201.11,baseline-os,5,5,4,4,592.0,590.5,589.0,459.0,0.0,0.0,0.0,0.0,0,0.1,0.1,0.0,0.0,29.6,29.3,0.9,4.1,109.6,149.8,172.4,120.2,24.6,ok
ripgrep-clean-build,ms-defender,Windows Defender,4.18.2201.11,baseline-os,5,5,4,4,18332.8,18289.5,18306.0,14934.0,168038.5,4.4,3.9,0.5,1927,306.6,195.3,81.3,76.0,22.0,22.1,0.7,0.3,,,,,,ok
ripgrep-incremental-build,ms-defender,Windows Defender,4.18.2201.11,baseline-os,5,5,4,4,6156.8,6133.0,6105.0,6078.0,32889.5,2.3,2.1,0.1,474,0.0,0.0,22.4,19.4,4.2,3.7,0.7,0.5,,,,,,ok
roslyn-clean-build,ms-defender,Windows Defender,4.18.2201.11,baseline-os,5,5,4,4,259771.2,257738.0,260770.0,216530.0,3428737.5,10.4,9.0,1.5,9581,2649.1,9876.2,30681.5,30580.6,25.0,26.5,3.6,2.0,,,,,,ok
roslyn-incremental-build,ms-defender,Windows Defender,4.18.2201.11,baseline-os,5,5,4,4,69667.5,69763.0,69593.0,63913.0,927128.0,16.1,15.2,0.9,5179,157.3,133.1,1223.5,1199.1,17.7,17.4,2.3,3.2,,,,,,ok
thread-create,ms-defender,Windows Defender,4.18.2201.11,baseline-os,5,5,4,4,1257.5,1259.0,1213.0,1202.0,0.0,0.0,0.0,0.0,0,0.2,0.1,0.0,0.0,7.4,3.5,0.5,0.8,225.7,360.3,639.1,318.0,13.3,ok
token-query,ms-defender,Windows Defender,4.18.2201.11,baseline-os,5,5,4,4,55.5,55.0,56.0,58.0,0.0,0.0,0.0,0.0,0,0.0,0.0,0.0,0.0,-0.9,0.9,1.6,0.9,1.0,1.3,1.6,1.4,-3.7,anomaly
wmi-query,ms-defender,Windows Defender,4.18.2201.11,baseline-os,5,5,4,4,9169.0,9068.0,8881.0,13783.0,0.0,0.0,0.0,0.0,0,0.1,0.4,0.1,0.3,-35.2,-36.5,4.4,23.8,17763.0,19507.5,20717.4,30679.2,-36.4,anomaly
archive-extract,sophos,Sophos Home,4.0.0,baseline-os,5,5,4,4,31039.8,31027.0,30742.0,13023.0,0.0,0.0,0.0,0.0,0,29.7,0.0,283.4,251.2,137.5,135.4,1.8,2.2,3083150.2,3346089.1,3346089.1,1446638.5,131.3,ok
com-create-instance,sophos,Sophos Home,4.0.0,baseline-os,5,5,4,4,2539.2,2539.0,2546.0,488.0,0.0,0.0,0.0,0.0,0,0.1,0.1,0.2,0.0,436.8,438.3,0.4,1.8,458.0,807.0,1115.0,148.2,444.4,ok
crypto-hash-verify,sophos,Sophos Home,4.0.0,baseline-os,5,5,4,4,251.8,249.5,241.0,251.0,0.0,0.0,0.0,0.0,0,0.0,0.4,0.0,0.0,0.2,-3.2,4.2,1.0,40.5,42.4,56.0,43.2,-2.0,ok
dll-load-unique,sophos,Sophos Home,4.0.0,baseline-os,5,5,4,4,66768.5,66770.0,66224.0,7859.0,0.0,0.0,0.0,0.0,0,105.3,1.9,3836.9,3829.6,732.8,725.9,0.4,1.1,33215.9,36058.3,37691.9,4627.8,679.2,ok
ext-sensitivity-dll,sophos,Sophos Home,4.0.0,baseline-os,5,5,4,4,10123.2,10121.0,10322.0,3008.0,0.0,0.0,0.0,0.0,0,0.0,0.0,63.9,44.5,234.2,240.8,0.2,1.4,921.9,1396.4,2212.1,332.6,319.8,ok
ext-sensitivity-exe,sophos,Sophos Home,4.0.0,baseline-os,5,5,4,4,10200.2,10226.0,10298.0,3008.0,0.0,0.0,0.0,0.0,0,34.1,0.0,73.3,42.5,238.3,240.7,0.6,1.0,926.1,1393.5,2172.4,327.8,325.2,ok
ext-sensitivity-js,sophos,Sophos Home,4.0.0,baseline-os,5,5,4,4,10344.5,10324.5,10518.0,3008.0,0.0,0.0,0.0,0.0,0,0.2,0.0,64.4,53.5,238.5,244.9,0.8,1.0,942.9,1402.1,2271.4,335.0,318.6,ok
ext-sensitivity-ps1,sophos,Sophos Home,4.0.0,baseline-os,5,5,4,4,10392.5,10398.0,10538.0,2986.0,0.0,0.0,0.0,0.0,0,0.0,0.0,71.1,52.1,248.8,253.4,0.6,1.0,945.6,1437.2,2255.4,329.5,336.2,ok
file-copy-large,sophos,Sophos Home,4.0.0,baseline-os,5,5,4,4,852.5,848.5,847.0,1004.0,0.0,0.0,0.0,0.0,0,0.0,0.1,0.3,100.1,-10.9,-11.0,1.2,1.4,37720.2,43307.2,43307.2,103532.1,-58.2,anomaly
file-create-delete,sophos,Sophos Home,4.0.0,baseline-os,5,5,4,4,4382.5,4396.5,4253.0,1490.0,0.0,0.0,0.0,0.0,0,0.0,0.1,22.6,11.3,198.0,188.2,2.2,2.0,823.6,1066.2,1590.6,321.5,231.6,ok
file-enum-large-dir,sophos,Sophos Home,4.0.0,baseline-os,5,5,4,4,9544.5,9552.5,9620.0,2364.0,0.0,0.0,0.0,0.0,0,0.2,0.1,62.3,58.6,297.8,300.6,0.3,0.3,2925.3,3475.3,5150.8,3270.0,6.3,ok
file-write-content,sophos,Sophos Home,4.0.0,baseline-os,5,5,4,4,11456.0,11462.5,11610.0,3289.0,0.0,0.0,0.0,0.0,0,0.0,0.0,69.7,58.0,247.3,251.8,0.8,0.5,1031.3,1665.6,2410.9,362.8,359.1,ok
fs-watcher,sophos,Sophos Home,4.0.0,baseline-os,5,5,4,4,7449.5,7437.0,7375.0,2201.0,0.0,0.0,0.0,0.0,0,0.1,0.1,48.5,28.7,237.3,234.5,0.9,0.9,1399.8,1747.9,2039.0,487.6,258.5,ok
hardlink-create,sophos,Sophos Home,4.0.0,baseline-os,5,5,4,4,3196.0,3193.5,3190.0,1246.0,0.0,0.0,0.0,0.0,0,0.0,0.0,6.2,9.2,152.1,151.8,0.2,0.8,619.2,754.2,1242.4,331.6,127.4,ok
junction-create,sophos,Sophos Home,4.0.0,baseline-os,5,5,4,4,957.8,955.5,960.0,581.0,0.0,0.0,0.0,0.0,0,0.0,0.0,0.0,2.5,58.7,59.5,1.2,1.5,465.6,518.0,607.6,346.8,49.3,ok
mem-alloc-protect,sophos,Sophos Home,4.0.0,baseline-os,5,5,4,4,253.0,252.0,263.0,169.0,0.0,0.0,0.0,0.0,0,0.0,0.0,0.0,0.0,49.6,56.1,1.5,1.5,4.7,5.0,9.0,5.5,-9.1,ok
mem-map-file,sophos,Sophos Home,4.0.0,baseline-os,5,5,4,4,8012.2,8017.5,8354.0,3931.0,0.0,0.0,0.0,0.0,0,0.1,0.1,102.2,101.5,118.0,127.2,4.0,7.2,740.0,1110.4,1485.4,510.2,117.6,ok
net-connect-loopback,sophos,Sophos Home,4.0.0,baseline-os,5,5,4,4,1156.0,1130.0,1128.0,577.0,0.0,0.0,0.0,0.0,0,0.9,0.2,0.0,0.0,97.6,97.2,4.7,1.2,490.3,785.4,1001.0,359.0,118.8,ok
net-dns-resolve,sophos,Sophos Home,4.0.0,baseline-os,5,5,4,4,1399.8,1399.0,1405.0,968.0,0.0,0.0,0.0,0.0,0,0.4,0.0,0.0,0.0,46.0,46.7,0.7,1.4,272.6,300.4,320.2,209.8,43.2,ok
new-exe-run,sophos,Sophos Home,4.0.0,baseline-os,5,5,4,4,9749.8,9656.5,9941.0,1914.0,0.0,0.0,0.0,0.0,0,7.9,0.0,12.2,11.9,401.4,416.1,3.0,1.0,188566.6,210166.8,308868.2,40410.0,420.1,ok
new-exe-run-motw,sophos,Sophos Home,4.0.0,baseline-os,5,5,4,4,7049.2,7035.5,7065.0,1950.0,0.0,0.0,0.0,0.0,0,5.7,0.1,12.3,12.1,264.4,266.0,0.6,0.7,137625.8,157294.8,162539.3,40985.9,283.8,ok
pipe-roundtrip,sophos,Sophos Home,4.0.0,baseline-os,5,5,4,4,183.2,182.0,173.0,132.0,0.0,0.0,0.0,0.0,0,0.4,0.3,0.0,0.0,24.7,18.5,4.2,4.4,62.0,118.2,169.5,116.0,1.9,ok
process-create-wait,sophos,Sophos Home,4.0.0,baseline-os,5,5,4,4,27769.8,27790.0,28552.0,13290.0,0.0,0.0,0.0,0.0,0,37.3,0.1,114.0,1.7,107.3,113.0,0.2,0.4,54248.1,61362.8,65129.8,28754.1,113.4,ok
registry-crud,sophos,Sophos Home,4.0.0,baseline-os,5,5,4,4,6395.5,6395.5,6399.0,459.0,0.0,0.0,0.0,0.0,0,0.0,0.1,10.1,0.0,1304.1,1304.8,1.8,4.1,1169.6,1814.7,2297.4,120.2,1409.7,ok
ripgrep-clean-build,sophos,Sophos Home,4.0.0,baseline-os,5,5,4,4,18405.5,18398.0,18468.0,14934.0,172808.0,5.1,3.9,1.2,2279,373.2,195.3,65.7,76.0,22.7,23.2,0.2,0.3,,,,,,ok
ripgrep-incremental-build,sophos,Sophos Home,4.0.0,baseline-os,5,5,4,4,6568.8,6663.5,6651.0,6078.0,32713.8,2.9,2.1,0.8,490,0.0,0.0,14.4,19.4,13.2,13.0,3.3,0.5,,,,,,ok
roslyn-clean-build,sophos,Sophos Home,4.0.0,baseline-os,5,5,4,4,487060.8,485092.0,503495.0,216530.0,3423745.0,14.5,9.0,5.5,7493,44560.2,9876.2,31153.8,30580.6,135.3,144.3,3.1,2.0,,,,,,ok
roslyn-incremental-build,sophos,Sophos Home,4.0.0,baseline-os,5,5,4,4,109413.2,109275.0,107123.0,63913.0,1078726.0,22.5,15.2,7.3,4900,8006.5,133.1,1326.7,1199.1,84.4,80.8,1.5,3.2,,,,,,ok
thread-create,sophos,Sophos Home,4.0.0,baseline-os,5,5,4,4,1438.8,1431.0,1444.0,1202.0,0.0,0.0,0.0,0.0,0,0.0,0.1,0.0,0.0,22.1,23.2,1.6,0.8,260.4,430.8,816.5,318.0,35.5,ok
token-query,sophos,Sophos Home,4.0.0,baseline-os,5,5,4,4,55.8,56.0,56.0,58.0,0.0,0.0,0.0,0.0,0,0.0,0.0,0.0,0.0,0.9,0.9,0.8,0.9,1.0,1.3,1.6,1.4,-3.7,ok
wmi-query,sophos,Sophos Home,4.0.0,baseline-os,5,5,4,4,11697.0,12346.0,8940.0,13783.0,0.0,0.0,0.0,0.0,0,0.0,0.4,73.6,0.3,-11.8,-36.1,16.3,23.8,24295.6,27386.6,28568.0,30679.2,-10.7,anomaly
archive-extract,tencent-pcmgr,腾讯电脑管家系统防护,"17,1,20399,201",baseline-os,5,5,4,4,18518.8,18540.5,18590.0,13023.0,0.0,0.0,0.0,0.0,0,28.5,0.0,266.4,251.2,41.9,42.3,0.4,2.2,1817133.8,2075806.8,2075806.8,1446638.5,43.5,ok
com-create-instance,tencent-pcmgr,腾讯电脑管家系统防护,"17,1,20399,201",baseline-os,5,5,4,4,648.8,655.5,666.0,488.0,0.0,0.0,0.0,0.0,0,0.3,0.1,0.0,0.0,38.6,40.8,3.2,1.8,111.8,191.8,219.2,148.2,29.4,ok
crypto-hash-verify,tencent-pcmgr,腾讯电脑管家系统防护,"17,1,20399,201",baseline-os,5,5,4,4,251.5,253.5,257.0,251.0,0.0,0.0,0.0,0.0,0,0.6,0.4,0.0,0.0,1.8,3.2,5.3,1.0,39.4,42.8,56.3,43.2,-1.2,ok
dll-load-unique,tencent-pcmgr,腾讯电脑管家系统防护,"17,1,20399,201",baseline-os,5,5,4,4,10217.0,10198.5,10046.0,7859.0,0.0,0.0,0.0,0.0,0,0.0,1.9,3831.8,3829.6,27.2,25.3,1.4,1.1,4974.4,6074.6,7086.5,4627.8,31.3,ok
ext-sensitivity-dll,tencent-pcmgr,腾讯电脑管家系统防护,"17,1,20399,201",baseline-os,5,5,4,4,5099.8,5100.5,5097.0,3008.0,0.0,0.0,0.0,0.0,0,0.0,0.0,59.1,44.5,68.4,68.3,0.1,1.4,482.3,648.3,757.3,332.6,94.9,ok
ext-sensitivity-exe,tencent-pcmgr,腾讯电脑管家系统防护,"17,1,20399,201",baseline-os,5,5,4,4,5113.8,5113.5,5060.0,3008.0,0.0,0.0,0.0,0.0,0,7.8,0.0,58.1,42.5,69.2,67.4,0.7,1.0,485.1,650.4,783.1,327.8,98.4,ok
ext-sensitivity-js,tencent-pcmgr,腾讯电脑管家系统防护,"17,1,20399,201",baseline-os,5,5,4,4,5085.8,5090.0,5085.0,3008.0,0.0,0.0,0.0,0.0,0,0.0,0.0,63.8,53.5,66.9,66.7,0.2,1.0,484.2,647.0,738.8,335.0,93.2,ok
ext-sensitivity-ps1,tencent-pcmgr,腾讯电脑管家系统防护,"17,1,20399,201",baseline-os,5,5,4,4,5136.8,5131.5,5159.0,2986.0,0.0,0.0,0.0,0.0,0,21.9,0.0,58.7,52.1,72.1,73.0,0.5,1.0,485.4,642.2,780.7,329.5,94.9,ok
file-copy-large,tencent-pcmgr,腾讯电脑管家系统防护,"17,1,20399,201",baseline-os,5,5,4,4,871.0,866.0,857.0,1004.0,0.0,0.0,0.0,0.0,0,0.1,0.1,100.0,100.1,-9.0,-10.0,1.4,1.4,35712.4,76585.0,76585.0,103532.1,-26.0,anomaly
file-create-delete,tencent-pcmgr,腾讯电脑管家系统防护,"17,1,20399,201",baseline-os,5,5,4,4,2481.2,2481.5,2520.0,1490.0,0.0,0.0,0.0,0.0,0,0.7,0.1,18.4,11.3,68.2,70.8,0.3,2.0,477.8,529.6,626.2,321.5,64.7,ok
file-enum-large-dir,tencent-pcmgr,腾讯电脑管家系统防护,"17,1,20399,201",baseline-os,5,5,4,4,3690.0,3684.0,3760.0,2364.0,0.0,0.0,0.0,0.0,0,41.3,0.1,48.4,58.6,53.4,56.6,1.4,0.3,2721.6,3464.0,5452.2,3270.0,5.9,ok
file-write-content,tencent-pcmgr,腾讯电脑管家系统防护,"17,1,20399,201",baseline-os,5,5,4,4,5346.5,5349.0,5362.0,3289.0,0.0,0.0,0.0,0.0,0,0.0,0.0,34.5,58.0,62.1,62.5,0.7,0.5,507.1,649.8,805.1,362.8,79.1,ok
fs-watcher,tencent-pcmgr,腾讯电脑管家系统防护,"17,1,20399,201",baseline-os,5,5,4,4,3683.5,3679.5,3680.0,2201.0,0.0,0.0,0.0,0.0,0,0.1,0.1,33.8,28.7,66.9,66.9,0.9,0.9,697.2,745.6,845.8,487.6,52.9,ok
hardlink-create,tencent-pcmgr,腾讯电脑管家系统防护,"17,1,20399,201",baseline-os,5,5,4,4,2281.5,2291.5,2329.0,1246.0,0.0,0.0,0.0,0.0,0,0.1,0.0,13.4,9.2,80.9,83.8,1.1,0.8,450.2,560.9,618.5,331.6,69.1,ok
junction-create,tencent-pcmgr,腾讯电脑管家系统防护,"17,1,20399,201",baseline-os,5,5,4,4,868.8,864.5,881.0,581.0,0.0,0.0,0.0,0.0,0,0.1,0.0,4.5,2.5,43.6,46.3,1.5,1.5,412.2,470.4,616.0,346.8,35.6,ok
mem-alloc-protect,tencent-pcmgr,腾讯电脑管家系统防护,"17,1,20399,201",baseline-os,5,5,4,4,163.5,164.0,166.0,169.0,0.0,0.0,0.0,0.0,0,0.0,0.0,0.0,0.0,-2.7,-1.5,2.8,1.5,2.9,4.4,6.1,5.5,-20.0,anomaly
mem-map-file,tencent-pcmgr,腾讯电脑管家系统防护,"17,1,20399,201",baseline-os,5,5,4,4,5312.2,5311.5,5316.0,3931.0,0.0,0.0,0.0,0.0,0,0.1,0.1,103.0,101.5,44.4,44.6,0.3,7.2,493.2,707.6,993.8,510.2,38.7,ok
net-connect-loopback,tencent-pcmgr,腾讯电脑管家系统防护,"17,1,20399,201",baseline-os,5,5,4,4,791.0,787.5,797.0,577.0,0.0,0.0,0.0,0.0,0,0.2,0.2,0.1,0.0,37.7,39.3,3.6,1.2,378.2,492.1,827.0,359.0,37.1,ok
net-dns-resolve,tencent-pcmgr,腾讯电脑管家系统防护,"17,1,20399,201",baseline-os,5,5,4,4,1242.2,1241.5,1254.0,968.0,0.0,0.0,0.0,0.0,0,0.0,0.0,0.0,0.0,29.6,30.9,0.8,1.4,247.4,272.8,293.4,209.8,30.1,ok
new-exe-run,tencent-pcmgr,腾讯电脑管家系统防护,"17,1,20399,201",baseline-os,5,5,4,4,48501.2,48541.0,48588.0,1914.0,0.0,0.0,0.0,0.0,0,142.2,0.0,18.9,11.9,2420.3,2422.7,0.7,1.0,909248.2,1230476.0,1273433.8,40410.0,2945.0,ok
new-exe-run-motw,tencent-pcmgr,腾讯电脑管家系统防护,"17,1,20399,201",baseline-os,5,5,4,4,49609.5,48990.5,49213.0,1950.0,0.0,0.0,0.0,0.0,0,0.1,0.1,17.3,12.1,2437.7,2449.2,2.6,0.7,915443.2,1261080.6,1361783.0,40985.9,2976.9,ok
pipe-roundtrip,tencent-pcmgr,腾讯电脑管家系统防护,"17,1,20399,201",baseline-os,5,5,4,4,130.5,129.5,127.0,132.0,0.0,0.0,0.0,0.0,0,0.4,0.3,0.0,0.0,-11.3,-13.0,1.6,4.4,49.3,77.6,166.2,116.0,-33.1,anomaly
process-create-wait,tencent-pcmgr,腾讯电脑管家系统防护,"17,1,20399,201",baseline-os,5,5,4,4,20815.2,20807.0,20658.0,13290.0,0.0,0.0,0.0,0.0,0,0.7,0.1,0.5,1.7,55.2,54.1,0.4,0.4,39229.0,42222.8,55684.6,28754.1,46.8,ok
registry-crud,tencent-pcmgr,腾讯电脑管家系统防护,"17,1,20399,201",baseline-os,5,5,4,4,1029.8,1030.5,1015.0,459.0,0.0,0.0,0.0,0.0,0,0.1,0.1,0.0,0.0,126.2,122.8,0.2,4.1,197.0,249.0,275.5,120.2,107.1,ok
ripgrep-clean-build,tencent-pcmgr,腾讯电脑管家系统防护,"17,1,20399,201",baseline-os,5,5,4,4,20507.2,20389.5,20400.0,14934.0,157170.8,4.3,3.9,0.4,2173,337.9,195.3,82.7,76.0,36.0,36.1,1.2,0.3,,,,,,ok
ripgrep-incremental-build,tencent-pcmgr,腾讯电脑管家系统防护,"17,1,20399,201",baseline-os,5,5,4,4,6020.8,6013.0,6011.0,6078.0,32698.2,2.5,2.1,0.4,469,0.0,0.0,20.4,19.4,2.1,2.1,0.6,0.5,,,,,,ok
roslyn-clean-build,tencent-pcmgr,腾讯电脑管家系统防护,"17,1,20399,201",baseline-os,5,5,4,4,217871.0,216484.0,216567.0,216530.0,3419167.0,10.3,9.0,1.4,9424,12846.6,9876.2,30682.5,30580.6,5.0,5.1,2.4,2.0,,,,,,ok
roslyn-incremental-build,tencent-pcmgr,腾讯电脑管家系统防护,"17,1,20399,201",baseline-os,5,5,4,4,61062.8,61210.5,57462.0,63913.0,864886.0,16.1,15.2,0.9,5684,141.2,133.1,1219.6,1199.1,3.3,-3.0,3.4,3.2,,,,,,ok
thread-create,tencent-pcmgr,腾讯电脑管家系统防护,"17,1,20399,201",baseline-os,5,5,4,4,1225.2,1219.5,1205.0,1202.0,0.0,0.0,0.0,0.0,0,0.2,0.1,0.0,0.0,4.1,2.8,1.8,0.8,220.8,333.1,720.4,318.0,4.7,ok
token-query,tencent-pcmgr,腾讯电脑管家系统防护,"17,1,20399,201",baseline-os,5,5,4,4,63.2,64.5,57.0,58.0,0.0,0.0,0.0,0.0,0,0.1,0.0,0.0,0.0,16.2,2.7,6.0,0.9,1.0,1.3,1.8,1.4,-3.7,ok
wmi-query,tencent-pcmgr,腾讯电脑管家系统防护,"17,1,20399,201",baseline-os,5,5,4,4,14448.5,14451.5,14320.0,13783.0,0.0,0.0,0.0,0.0,0,0.0,0.4,0.5,0.3,3.3,2.3,1.1,23.8,28511.6,31839.6,33610.8,30679.2,3.8,noisy
archive-extract,trendmicro,Trend Micro Maximum Security,7.7,baseline-os,5,5,4,4,68899.2,68852.0,69021.0,13023.0,0.0,0.0,0.0,0.0,0,34.3,0.0,520.7,251.2,427.1,428.4,0.6,2.2,6826058.1,7314375.6,7314375.6,1446638.5,405.6,ok
com-create-instance,trendmicro,Trend Micro Maximum Security,7.7,baseline-os,5,5,4,4,1899.8,1891.0,1854.0,488.0,0.0,0.0,0.0,0.0,0,0.2,0.1,0.1,0.0,299.8,292.0,1.4,1.8,359.4,397.2,857.9,148.2,168.0,ok
crypto-hash-verify,trendmicro,Trend Micro Maximum Security,7.7,baseline-os,5,5,4,4,256.5,256.0,260.0,251.0,0.0,0.0,0.0,0.0,0,0.0,0.4,0.0,0.0,2.8,4.4,2.3,1.0,40.4,42.2,56.0,43.2,-2.4,ok
dll-load-unique,trendmicro,Trend Micro Maximum Security,7.7,baseline-os,5,5,4,4,45578.0,45616.0,45621.0,7859.0,0.0,0.0,0.0,0.0,0,2.0,1.9,3839.1,3829.6,468.9,469.0,0.3,1.1,22701.8,24175.0,25269.4,4627.8,422.4,ok
ext-sensitivity-dll,trendmicro,Trend Micro Maximum Security,7.7,baseline-os,5,5,4,4,38951.8,40132.0,38123.0,3008.0,0.0,0.0,0.0,0.0,0,0.0,0.0,116.2,44.5,1225.1,1158.8,5.5,1.4,3952.6,4600.8,5094.2,332.6,1283.1,ok
ext-sensitivity-exe,trendmicro,Trend Micro Maximum Security,7.7,baseline-os,5,5,4,4,26205.8,26228.5,26248.0,3008.0,0.0,0.0,0.0,0.0,0,0.2,0.0,204.7,42.5,767.8,768.4,0.4,1.0,2545.4,3079.6,3562.4,327.8,839.6,ok
ext-sensitivity-js,trendmicro,Trend Micro Maximum Security,7.7,baseline-os,5,5,4,4,62053.8,62025.5,60901.0,3008.0,0.0,0.0,0.0,0.0,0,0.2,0.0,346.0,53.5,1933.6,1896.8,0.8,1.0,5968.4,8658.2,10306.5,335.0,2484.9,ok
ext-sensitivity-ps1,trendmicro,Trend Micro Maximum Security,7.7,baseline-os,5,5,4,4,40583.0,40563.0,39883.0,2986.0,0.0,0.0,0.0,0.0,0,4.6,0.0,178.0,52.1,1260.5,1237.7,0.2,1.0,3997.4,4678.5,5653.2,329.5,1319.9,ok
file-copy-large,trendmicro,Trend Micro Maximum Security,7.7,baseline-os,5,5,4,4,895.2,892.5,862.0,1004.0,0.0,0.0,0.0,0.0,0,0.0,0.1,100.5,100.1,-6.2,-9.5,0.8,1.4,37077.4,79443.6,79443.6,103532.1,-23.3,anomaly
file-create-delete,trendmicro,Trend Micro Maximum Security,7.7,baseline-os,5,5,4,4,12570.8,12578.0,12662.0,1490.0,0.0,0.0,0.0,0.0,0,0.1,0.1,28.2,11.3,752.5,758.1,0.5,2.0,2433.8,3035.2,3523.1,321.5,843.9,ok
file-enum-large-dir,trendmicro,Trend Micro Maximum Security,7.7,baseline-os,5,5,4,4,18048.2,18166.5,17552.0,2364.0,0.0,0.0,0.0,0.0,0,44.8,0.1,125.3,58.6,656.5,630.9,1.6,0.3,2616.4,3148.6,5659.6,3270.0,-3.7,ok
file-write-content,trendmicro,Trend Micro Maximum Security,7.7,baseline-os,5,5,4,4,89013.2,88823.0,89653.0,3289.0,0.0,0.0,0.0,0.0,0,0.9,0.0,887.2,58.0,2591.2,2616.3,1.1,0.5,12605.8,14275.2,15220.0,362.8,3834.7,ok
fs-watcher,trendmicro,Trend Micro Maximum Security,7.7,baseline-os,5,5,4,4,20198.5,20223.5,20608.0,2201.0,0.0,0.0,0.0,0.0,0,0.2,0.1,41.5,28.7,817.2,834.6,0.6,0.9,3896.4,4706.8,5297.4,487.6,865.4,ok
hardlink-create,trendmicro,Trend Micro Maximum Security,7.7,baseline-os,5,5,4,4,7608.8,7662.0,7766.0,1246.0,0.0,0.0,0.0,0.0,0,42.0,0.0,12.4,9.2,504.7,512.9,2.3,0.8,1467.2,1983.8,2260.9,331.6,498.1,ok
junction-create,trendmicro,Trend Micro Maximum Security,7.7,baseline-os,5,5,4,4,2035.0,2034.5,2027.0,581.0,0.0,0.0,0.0,0.0,0,0.1,0.0,7.5,2.5,238.0,236.7,0.4,1.5,979.6,1194.8,1600.6,346.8,244.5,ok
mem-alloc-protect,trendmicro,Trend Micro Maximum Security,7.7,baseline-os,5,5,4,4,391.8,392.0,392.0,169.0,0.0,0.0,0.0,0.0,0,0.0,0.0,0.0,0.0,132.6,132.6,0.8,1.5,7.3,7.8,12.8,5.5,41.8,ok
mem-map-file,trendmicro,Trend Micro Maximum Security,7.7,baseline-os,5,5,4,4,13719.0,13742.0,13817.0,3931.0,0.0,0.0,0.0,0.0,0,0.0,0.1,104.3,101.5,273.7,275.7,0.4,7.2,1303.4,1709.4,2109.6,510.2,235.0,ok
net-connect-loopback,trendmicro,Trend Micro Maximum Security,7.7,baseline-os,5,5,4,4,680.8,680.0,693.0,577.0,0.0,0.0,0.0,0.0,0,1.0,0.2,0.1,0.0,18.9,21.2,0.5,1.2,305.1,413.2,647.8,359.0,15.1,ok
net-dns-resolve,trendmicro,Trend Micro Maximum Security,7.7,baseline-os,5,5,4,4,1066.2,1071.5,1089.0,968.0,0.0,0.0,0.0,0.0,0,0.4,0.0,0.1,0.0,11.8,13.7,1.5,1.4,212.4,231.7,248.4,209.8,10.5,ok
new-exe-run,trendmicro,Trend Micro Maximum Security,7.7,baseline-os,5,5,4,4,25503.5,25001.0,33467.0,1914.0,0.0,0.0,0.0,0.0,0,2.5,0.0,15.3,11.9,1198.1,1637.6,4.1,1.0,478865.0,742211.3,910793.5,40410.0,1736.7,ok
new-exe-run-motw,trendmicro,Trend Micro Maximum Security,7.7,baseline-os,5,0,0,0,0.0,0.0,0.0,0.0,0.0,0.0,0.0,0.0,0,0.0,0.0,0.0,0.0,0.0,0.0,0.0,0.0,,,,,,failed
pipe-roundtrip,trendmicro,Trend Micro Maximum Security,7.7,baseline-os,5,5,4,4,156.2,153.5,146.0,132.0,0.0,0.0,0.0,0.0,0,0.4,0.3,0.0,0.0,5.1,0.0,7.5,4.4,56.8,89.4,162.0,116.0,-22.9,ok
process-create-wait,trendmicro,Trend Micro Maximum Security,7.7,baseline-os,5,5,4,4,24889.0,24896.0,24981.0,13290.0,0.0,0.0,0.0,0.0,0,1.2,0.1,1.1,1.7,85.7,86.4,0.3,0.4,48640.4,51622.2,54325.4,28754.1,79.5,ok
registry-crud,trendmicro,Trend Micro Maximum Security,7.7,baseline-os,5,5,4,4,10096.8,10126.0,10216.0,459.0,0.0,0.0,0.0,0.0,0,0.1,0.1,1.1,0.0,2123.1,2142.8,1.1,4.1,1921.6,2555.1,2904.2,120.2,2025.7,ok
ripgrep-clean-build,trendmicro,Trend Micro Maximum Security,7.7,baseline-os,5,5,4,4,18344.5,18205.5,19651.0,14934.0,157366.2,4.1,3.9,0.2,2198,295.9,195.3,79.5,76.0,21.4,31.1,2.0,0.3,,,,,,ok
ripgrep-incremental-build,trendmicro,Trend Micro Maximum Security,7.7,baseline-os,5,5,4,4,5845.0,5846.0,6044.0,6078.0,32733.8,2.5,2.1,0.3,478,0.0,0.0,20.0,19.4,-0.7,2.7,2.7,0.5,,,,,,anomaly
roslyn-clean-build,trendmicro,Trend Micro Maximum Security,7.7,baseline-os,5,5,4,4,248340.8,247467.5,254204.0,216530.0,3554725.2,11.3,9.0,2.3,9097,6204.8,9876.2,30897.8,30580.6,20.1,23.3,1.3,2.0,,,,,,ok
roslyn-incremental-build,trendmicro,Trend Micro Maximum Security,7.7,baseline-os,5,5,4,4,69109.8,68906.5,69286.0,63913.0,911698.2,16.5,15.2,1.3,5192,376.5,133.1,1261.2,1199.1,16.3,16.9,1.1,3.2,,,,,,ok
thread-create,trendmicro,Trend Micro Maximum Security,7.7,baseline-os,5,5,4,4,1881.0,1874.5,1878.0,1202.0,0.0,0.0,0.0,0.0,0,0.0,0.1,0.2,0.0,59.9,60.2,0.9,0.8,345.8,549.8,611.8,318.0,72.9,ok
token-query,trendmicro,Trend Micro Maximum Security,7.7,baseline-os,5,5,4,4,56.2,56.0,55.0,58.0,0.0,0.0,0.0,0.0,0,0.0,0.0,0.0,0.0,0.9,-0.9,0.8,0.9,1.0,1.4,1.8,1.4,0.0,ok
wmi-query,trendmicro,Trend Micro Maximum Security,7.7,baseline-os,5,5,4,4,13228.5,13176.0,12804.0,13783.0,0.0,0.0,0.0,0.0,0,0.1,0.4,1.0,0.3,-5.9,-8.5,0.9,23.8,26049.4,28547.4,29644.7,30679.2,-6.9,anomaly
